Date,ITUB4_BRL,PETR4_BRL,USD_BRL,VALE3_BRL,WEGE3_BRL,IBOV_PONTOS,SP500_BRL,DOWJONES_BRL
2021-03-01,16.02849769592285,6.317828178405762,5.597599983215332,56.96866226196289,34.874515533447266,110335.0,21840.827949157683,176523.16893474944
2021-03-02,16.675588607788086,6.314957141876221,5.640699863433838,58.719844818115234,34.45423889160156,111540.0,21831.144494789187,177070.13993290253
2021-03-03,16.714420318603516,6.08521842956543,5.675099849700928,57.997406005859375,34.42741394042969,111184.0,21677.292231636937,177460.88217240013
2021-03-04,17.238569259643555,6.381007671356201,5.617499828338623,57.13626480102539,32.741817474365234,112690.0,21169.37941352406,173716.35465245694
2021-03-05,17.879186630249023,6.429826736450195,5.668300151824951,60.52564239501953,32.6568603515625,115202.0,21777.26875317539,178530.4865002837
2021-03-08,17.30974006652832,6.059371471405029,5.689499855041504,60.19947052001953,30.91761589050293,110612.0,21741.57082667807,180939.9746585209
2021-03-09,17.54917335510254,6.20008659362793,5.874599933624268,59.59549331665039,31.968324661254883,111331.0,22766.65922254999,187004.61366793793
2021-03-10,17.6785945892334,6.415467262268066,5.801499843597412,58.677433013916016,32.31705093383789,112776.0,22618.945945147658,187371.15375920944
2021-03-11,17.704471588134766,6.688284873962402,5.67110013961792,60.217594146728516,32.15610122680664,114984.0,22340.392122438992,184229.0330984611
2021-03-12,17.58799934387207,6.653820991516113,5.534800052642822,58.828433990478516,31.811832427978516,114160.0,21825.598926045583,181423.22185681015
2021-03-15,17.795066833496094,6.791665077209473,5.4951558113098145,58.47811508178711,32.73733901977539,114851.0,21809.94338375819,181084.4023734741
2021-03-16,17.432693481445312,6.685412883758545,5.614500045776367,58.29087448120117,32.81782913208008,114019.0,22248.63525708206,184301.29339132458
2021-03-17,18.11214828491211,6.915149211883545,5.6234002113342285,59.13042449951172,32.72393035888672,116549.0,22348.067906859796,185658.64478587173
2021-03-18,18.215682983398438,6.673923015594482,5.583099842071533,58.07947540283203,32.10691452026367,114835.0,21860.403889547568,183473.5063019041
2021-03-19,18.254499435424805,6.892177581787109,5.558700084686279,57.24597930908203,32.16951370239258,116222.0,21751.749844227685,181369.10351060238
2021-03-22,18.3580322265625,6.75433349609375,5.493563175201416,56.2977294921875,31.87889289855957,114979.0,21647.88059539965,179810.91070830636
2021-03-23,17.892127990722656,6.547567367553711,5.505499839782715,54.999141693115234,32.01750183105469,113262.0,21529.367340996396,178505.6492808368
2021-03-24,17.581527709960938,6.553311347961426,5.520400047302246,56.261474609375,31.5301456451416,112064.0,21469.608046953334,178971.70377651043
2021-03-25,17.892127990722656,6.662438869476318,5.61959981918335,55.83266067504883,31.776065826416016,113750.0,21969.937994851498,183308.4265440423
2021-03-26,18.197237014770508,6.73710298538208,5.648399829864502,57.6989631652832,32.522727966308594,114781.0,22449.791280430276,186808.84358719178
2021-03-29,18.190759658813477,6.843357086181641,5.752399921417236,59.178741455078125,32.25157165527344,115419.0,22843.298309522797,190814.99247298948
2021-03-30,18.488967895507812,6.843357086181641,5.780799865722656,58.62910842895508,33.57115936279297,116850.0,22883.58559072204,191153.48334735632
2021-03-31,18.132415771484375,6.920894145965576,5.771599769592285,59.172698974609375,33.35197448730469,116634.0,22929.930388619425,190356.31088985875
2021-04-01,17.577836990356445,6.860586643218994,5.63129997253418,58.822391510009766,33.575626373291016,115253.0,22637.09448050894,186695.67584176362
2021-04-02,17.577836990356445,6.860586643218994,5.707399845123291,58.822391510009766,33.575626373291016,115253.0,22943.006084251683,189218.6309700273
2021-04-05,17.804853439331055,6.903664588928223,5.710599899291992,62.44630432128906,34.40317153930664,117518.0,23287.311933413614,191460.3758680746
2021-04-06,17.5972900390625,6.89792013168335,5.662700176239014,61.63697052001953,34.4881591796875,117499.0,23069.50042418833,189305.4162069466
2021-04-07,17.44161605834961,6.892177581787109,5.593200206756592,63.15296936035156,34.06768035888672,117624.0,22819.976910451078,187071.63796054758
2021-04-08,17.305404663085938,6.806024074554443,5.612100124359131,63.11674499511719,34.20187759399414,118313.0,22993.727828075178,188025.39111725613
2021-04-09,17.279462814331055,6.791665077209473,5.5665998458862305,62.21075439453125,33.77692794799805,117670.0,22983.376356468536,188154.42344867438
2021-04-12,17.70755958557129,6.860586643218994,5.679299831390381,62.45234680175781,33.77692794799805,118812.0,23444.094242067076,191650.23565629497
2021-04-13,17.701072692871094,6.883561134338379,5.7322001457214355,62.561073303222656,33.53984832763672,119297.0,23740.421905862167,193044.8493145313
2021-04-14,17.928085327148438,6.992687702178955,5.716300010681152,64.62670135498047,34.098995208740234,120295.0,23577.794895228,192815.89043997228
2021-04-15,17.928085327148438,6.854015827178955,5.652900218963623,65.3575210571289,35.02494430541992,120701.0,23574.967689537443,192402.04560772143
2021-04-16,18.129161834716797,6.812457084655762,5.614999771118164,65.6353759765625,34.46580505371094,121114.0,23501.41429836955,192036.76475021243
2021-04-19,17.856748580932617,7.207254409790039,5.5858001708984375,65.06763458251953,33.906646728515625,120934.0,23255.137110322714,190350.82536834478
2021-04-20,17.76593017578125,7.070705890655518,5.545300006866455,64.11936950683594,33.0433349609375,120062.0,22929.482485472457,187549.25945449807
2021-04-21,17.76593017578125,7.070705890655518,5.56790018081665,64.11936950683594,33.0433349609375,120062.0,23237.185537631623,190073.12669173442
2021-04-22,17.772424697875977,7.038055419921875,5.56790018081665,64.16163635253906,32.60047912597656,119371.0,23023.155780925183,188283.54702463374
2021-04-23,17.856748580932617,7.032116889953613,5.44320011138916,65.22465515136719,33.64272689819336,120530.0,22753.501384375617,185305.51920457557
2021-04-26,17.84377098083496,7.058834075927734,5.477200031280518,65.57496643066406,33.38329315185547,120595.0,22936.4330368503,186123.8579785861
2021-04-27,17.571346282958984,6.8569817543029785,5.435299873352051,66.51114654541016,33.11042022705078,119388.0,22756.079853500705,184718.2840263471
2021-04-28,18.33603286743164,7.106327056884766,5.451000213623047,67.59832763671875,32.65414810180664,121053.0,22802.51603180729,184354.89264278114
2021-04-29,17.757566452026367,7.0113396644592285,5.341400146484375,67.61644744873047,31.750585556030273,120066.0,22495.14762248099,181930.00855493546
2021-04-30,17.8940486907959,7.0113396644592285,5.336400032043457,65.84676361083984,31.321147918701172,118894.0,22312.39530507289,180769.75896359235
2021-05-03,18.144426345825195,6.954939842224121,5.439700126647949,65.50852966308594,30.820161819458008,119209.0,22806.813982944936,185565.74410123006
2021-05-04,17.370532989501953,6.794646263122559,5.4380998611450195,66.49906921386719,30.149188995361328,117712.0,22647.83781741932,185618.8325010836
2021-05-05,17.864788055419922,7.073675632476807,5.442599773406982,66.86750030517578,31.052762985229492,119564.0,22682.52353924699,186302.03987723775
2021-05-06,17.754230499267578,6.975719451904297,5.352700233459473,69.48880767822266,30.176025390625,119921.0,22490.012982177548,184927.9312875569
2021-05-07,17.968839645385742,7.2369384765625,5.273430824279785,69.73040008544922,29.89868927001953,122038.0,22320.323821830098,183398.12064711377
2021-05-10,18.2354793548584,7.3319244384765625,5.235499858856201,69.27137756347656,28.905649185180664,121909.0,21928.52559413179,181896.0308423601
2021-05-11,18.196462631225586,7.465502738952637,5.2221999168396,71.70545196533203,28.88774871826172,122964.0,21683.096784690162,178960.40531813167
2021-05-12,17.9298152923584,7.355672836303711,5.221199989318848,69.053955078125,27.975221633911133,119710.0,21213.944608555175,175367.89084905759
2021-05-13,18.450096130371094,7.4180097579956055,5.303100109100342,67.9426040649414,28.44937515258789,120706.0,21808.999198675156,180419.15106370486
2021-05-14,18.859798431396484,7.806868076324463,5.307700157165527,66.77690887451172,28.717771530151367,121881.0,22153.54481931543,182490.03099938855
2021-05-17,18.84679412841797,7.913730144500732,5.269499778747559,68.52845764160156,28.780391693115234,122938.0,21938.45593970176,180890.2768697366
2021-05-18,18.807775497436523,7.8217082023620605,5.271500110626221,69.2170181274414,28.986154556274414,122980.0,21759.85671348218,179550.77378167398
2021-05-19,18.94434928894043,7.762342929840088,5.259500026702881,67.79764556884766,28.27045440673828,122636.0,21646.419994422,178276.21835434064
2021-05-20,19.048402786254883,7.697035789489746,5.308000087738037,67.10909271240234,28.503055572509766,122701.0,22076.609946944285,180918.66289672628
2021-05-21,19.139450073242188,7.702973365783691,5.281300067901611,66.07628631591797,28.36885643005371,122592.0,21948.342978136847,180661.86688956432
2021-05-24,19.087413787841797,7.833584308624268,5.361800193786621,66.30580139160156,29.209823608398438,124032.0,22503.742456105538,184413.651142437
2021-05-25,18.891170501708984,7.670321941375732,5.31850004196167,64.65692138671875,29.496105194091797,122988.0,22274.568957479205,182490.8249359019
2021-05-26,19.1517391204834,7.744532108306885,5.330699920654297,66.5594711303711,29.344011306762695,123989.0,22367.564809449017,182965.88407622278
2021-05-27,18.988882064819336,7.691102027893066,5.310500144958496,67.03661346435547,29.352956771850586,124367.0,22308.77322662901,183024.47903500497
2021-05-28,19.301570892333984,8.011687278747559,5.2382001876831055,67.39901733398438,30.775428771972656,125561.0,22021.96907488024,180872.1673782505
2021-05-31,19.242942810058594,7.9760661125183105,5.23799991607666,69.32573699951172,30.551773071289062,126216.0,22021.127111044247,180865.2521099858
2021-06-01,19.94357681274414,8.100739479064941,5.216599941253662,68.3714370727539,30.587562561035156,128267.0,21920.361820918974,180365.5527789835
2021-06-02,20.608356475830078,8.272904396057129,5.149700164794922,69.33781433105469,29.92552375793457,129601.0,21670.556860957295,178181.57695548236
2021-06-03,20.608356475830078,8.272904396057129,5.07450008392334,69.33781433105469,29.92552375793457,129601.0,21276.618172434624,175461.18762447685
2021-06-04,21.038516998291016,8.45991325378418,5.076300144195557,68.19023895263672,30.61439323425293,130126.0,21472.191910956753,176433.8707414046
2021-06-07,21.53384017944336,8.397577285766602,5.044600009918213,67.5258560180664,30.533878326416016,130776.0,21321.10293244687,174695.70037706383
2021-06-08,21.38393783569336,8.507407188415527,5.045199871063232,66.39036560058594,30.43547248840332,129787.0,21327.37042448204,174563.008979436
2021-06-09,21.677223205566406,8.507407188415527,5.034900188446045,67.76744079589844,30.64124298095703,129907.0,21245.012106778566,173437.9148242399
2021-06-10,21.599018096923828,8.513345718383789,5.061500072479248,67.54398345947266,30.354944229125977,130076.0,21456.61076696939,174450.8675586339
2021-06-11,21.344831466674805,8.480691909790039,5.054500102996826,69.05998992919922,30.605443954467773,129441.0,21468.685621310724,174277.14964894578
2021-06-14,21.27313995361328,8.534125328063965,5.117000102996826,68.68551635742188,31.204856872558594,130208.0,21773.602488559904,175992.8222924471
2021-06-15,21.27313995361328,8.617238998413086,5.058599948883057,67.34465789794922,31.7237491607666,130091.0,21481.799166521057,173506.5794998482
2021-06-16,21.6967830657959,8.649892807006836,5.043799877166748,65.32129669189453,31.160123825073242,129259.0,21303.498526306357,171659.0300226584
2021-06-17,21.442594528198242,8.350083351135254,5.054299831390381,63.96232223510742,30.793325424194336,128057.0,21338.54559513624,170953.85368336923
2021-06-18,21.051549911499023,8.406481742858887,5.007400035858154,65.88904571533203,31.4821834564209,128405.0,20863.082857409026,166696.73839684576
2021-06-21,21.149307250976562,8.59349250793457,5.0960001945495605,66.50511169433594,31.53586196899414,129265.0,21529.530860993546,172637.03934074938
2021-06-22,20.875581741333008,8.638017654418945,5.0131001472473145,67.28425598144531,30.677021026611328,128767.0,21287.82869554055,170172.58269683272
2021-06-23,20.725677490234375,8.697385787963867,4.957099914550781,68.29291534423828,30.372844696044922,128428.0,21027.223926991224,167917.98368945718
2021-06-24,20.73218536376953,8.801278114318848,4.965199947357178,68.38510131835938,30.712800979614258,129514.0,21183.977087118663,169794.05041540787
2021-06-25,20.07391929626465,8.638017654418945,4.912700176239014,69.22889709472656,30.023935317993164,127256.0,21029.7966039381,169163.1310689766
2021-06-28,19.845796585083008,8.623175621032715,4.91540002822876,68.12025451660156,30.436187744140625,127429.0,21090.06384309125,168515.98402168043
2021-06-29,19.65028190612793,8.661764144897461,4.924799919128418,69.29666137695312,31.062808990478516,127327.0,21136.25533104036,168882.66240172833
2021-06-30,19.422178268432617,8.735976219177246,4.955100059509277,69.7524185180664,30.158679962158203,126802.0,21294.54250574112,170963.39787079766
2021-07-01,19.3602237701416,8.626142501831055,4.969200134277344,68.5390853881836,30.659997940063477,125666.0,21466.646136905998,172100.94813799858
2021-07-02,19.568885803222656,8.661764144897461,5.045102119445801,69.95569610595703,31.564117431640625,127622.0,21957.99897025153,175500.6959957555
2021-07-05,19.301546096801758,8.56380844116211,5.059199810028076,69.70315551757812,31.250808715820312,126920.0,22019.356910677627,175991.10321656987
2021-07-06,19.268932342529297,8.21353816986084,5.088459014892578,70.07272338867188,30.928543090820312,125095.0,22101.92546831444,175945.53565327823
2021-07-07,19.353700637817383,8.326335906982422,5.195300102233887,70.27595520019531,32.280277252197266,127019.0,22641.792625724338,180182.30226206034
2021-07-08,19.099397659301758,8.16010570526123,5.231200218200684,70.00495910644531,31.089675903320312,125428.0,22603.073607258964,180068.0060921386
2021-07-09,19.099397659301758,8.16010570526123,5.257999897003174,70.00495910644531,31.089675903320312,125428.0,22975.092422997113,183347.29851004668
2021-07-12,19.3602237701416,8.231348037719727,5.257900238037109,70.8733901977539,31.8505859375,127594.0,23053.946504544467,184006.4215092957
2021-07-13,19.477598190307617,8.28180980682373,5.172699928283691,71.29222869873047,31.49250602722168,128168.0,22600.612051597796,180469.2366814986
2021-07-14,19.503681182861328,8.21353816986084,5.162399768829346,70.90419006347656,31.34031867980957,128407.0,22581.884300509002,180339.30089633726
2021-07-15,19.268932342529297,8.03840160369873,5.069900035858154,71.12593078613281,31.259765625,127468.0,22104.915164106293,177380.69157605432
2021-07-16,18.955934524536133,7.919665813446045,5.110000133514404,69.8448257446289,30.695796966552734,125960.0,22111.78897617571,177254.92611570284
2021-07-19,18.845081329345703,7.789056777954102,5.1153998374938965,69.08108520507812,30.597322463989258,124395.0,21783.88025289122,173729.40910127386
2021-07-20,19.092863082885742,7.892950534820557,5.250899791717529,69.66004180908203,30.928543090820312,125401.0,22699.955161252292,181218.99207777344
2021-07-21,19.171113967895508,8.002781867980957,5.219900131225586,70.46073150634766,30.839025497436523,125929.0,22751.926197118126,181642.08476638794
2021-07-22,18.975496292114258,7.984971523284912,5.187300205230713,70.64551544189453,31.420886993408203,126147.0,22655.429799026577,180639.17870697752
2021-07-23,18.92332649230957,7.937479019165039,5.1996002197265625,70.28827667236328,31.152347564697266,125053.0,22939.544456496835,182306.04714614153
2021-07-26,19.255889892578125,8.154169082641602,5.19789981842041,71.81574249267578,31.018064498901367,126004.0,22986.67135178577,182676.59525796399
2021-07-27,19.444992065429688,8.05918025970459,5.1753997802734375,70.32523345947266,30.785310745239258,124612.0,22779.31491471827,181441.85427874327
2021-07-28,20.077510833740234,8.225410461425781,5.169099807739258,72.24688720703125,33.3007698059082,126286.0,22747.348084642552,180561.46193180978
2021-07-29,19.973175048828125,8.255096435546875,5.114799976348877,71.18135070800781,32.342933654785156,125675.0,22603.067815989954,179450.35960771143
2021-07-30,19.75798797607422,7.98793888092041,5.080399990081787,66.98698425292969,31.966949462890625,121801.0,22329.677669688128,177486.15509100258
2021-08-02,19.87868881225586,7.839520454406738,5.208700180053711,67.0916748046875,32.95439529418945,122516.0,22851.40189578384,181461.5310785994
2021-08-03,20.074399948120117,7.970130443572998,5.174600124359131,69.37673950195312,32.747581481933594,123577.0,22888.032034727046,181713.3197217323
2021-08-04,19.51333236694336,7.800931930541992,5.196800231933594,69.30281829833984,32.43287658691406,121801.0,22879.745321124792,180810.56526958942
2021-08-05,19.572059631347656,8.415389060974121,5.1682000160217285,67.1840591430664,32.24406433105469,121633.0,22890.47519566887,181219.0574117899
2021-08-06,20.120073318481445,8.427260398864746,5.245200157165527,67.5659408569336,32.58573913574219,122810.0,23270.43550371332,184675.6912007518
2021-08-09,20.35494041442871,8.367892265319824,5.23199987411499,67.14096069335938,32.5138053894043,123019.0,23190.055152971065,183652.88295620307
2021-08-10,19.97002601623535,8.394608497619629,5.231800079345703,67.78766632080078,32.45086669921875,122202.0,23212.18900203705,184497.71311372519
2021-08-11,20.191837310791016,8.5103759765625,5.188300132751465,67.30108642578125,32.50481033325195,122056.0,23048.55720340833,184106.66807630658
2021-08-12,19.813444137573242,8.638017654418945,5.218200206756592,67.25798797607422,31.929336547851562,120701.0,23277.5044359779,185245.33276326582
2021-08-13,20.0809268951416,8.712226867675781,5.252200126647949,66.70364379882812,32.16313171386719,121194.0,23466.830165863037,186533.87758935615
2021-08-16,19.86087417602539,8.501470565795898,5.247499942779541,67.01160430908203,30.94025421142578,119180.0,23507.27776368847,186944.2762622796
2021-08-17,19.78887176513672,8.501442909240723,5.259699821472168,65.90296173095703,31.192033767700195,117904.0,23395.56599280797,185895.05008086562
2021-08-18,19.828144073486328,8.425960540771484,5.294300079345703,63.691837310791016,30.193958282470703,116643.0,23296.349913546816,185092.39128609002
2021-08-19,19.572839736938477,8.378782272338867,5.378600120544434,60.05791473388672,31.641613006591797,117165.0,23697.03536058683,187681.5239211358
2021-08-20,19.500843048095703,8.36620044708252,5.414100170135498,60.08256149291992,32.35196304321289,118053.0,24047.64587970916,190143.62095173448
2021-08-23,19.710308074951172,8.498297691345215,5.379000186920166,59.2510871887207,32.145145416259766,117472.0,24095.39155166992,190070.79573776945
2021-08-24,20.260194778442383,8.67442798614502,5.379899978637695,61.412933349609375,32.0642204284668,120211.0,24135.468576087616,190266.95066519827
2021-08-25,20.286376953125,8.72160530090332,5.245800018310547,61.28358459472656,32.71162033081055,120818.0,23586.113276956603,185730.17254829407
2021-08-26,19.7954158782959,8.646122932434082,5.210999965667725,60.50138473510742,33.06229019165039,118724.0,23293.16984653473,183495.57281058468
2021-08-27,20.135812759399414,8.960640907287598,5.2515997886657715,62.01652908325195,33.17919921875,120678.0,23681.40715443762,186199.6758897882
2021-08-30,19.99179458618164,8.90088176727295,5.2027997970581055,61.62235641479492,32.981361389160156,119740.0,23562.387896153145,184178.27955495194
2021-08-31,20.253646850585938,8.551765441894531,5.1828999519348145,60.77854537963867,31.974308013916016,118781.0,23440.59886567318,183271.1282468643
2021-09-01,20.342050552368164,8.504589080810547,5.1493000984191895,60.88325119018555,32.630699157714844,119396.0,23295.89627767913,181834.8206410557
2021-09-02,19.608539581298828,8.36620044708252,5.184599876403809,60.69231414794922,32.13615417480469,116677.0,23522.271421867423,183762.0264114663
2021-09-03,19.4971923828125,8.281281471252441,5.18179988861084,60.73542404174805,32.59473419189453,116933.0,23501.691579665523,183275.54581261054
2021-09-06,19.746076583862305,8.322166442871094,5.189799785614014,59.780765533447266,32.71162033081055,117869.0,23537.97455393686,183558.49488845654
2021-09-07,19.746076583862305,8.322166442871094,5.169300079345703,59.780765533447266,32.71162033081055,117869.0,23365.390327053145,181442.43278503418
2021-09-08,18.809526443481445,7.853533744812012,5.169600009918213,58.53661346435547,32.810523986816406,113413.0,23335.935408052756,181096.6214349456
2021-09-09,19.058393478393555,8.020228385925293,5.3206000328063965,58.32719039916992,34.92355728149414,115361.0,23906.944572310662,185579.22455286048
2021-09-10,18.868467330932617,7.969904899597168,5.196499824523926,58.39494323730469,34.76171875,114286.0,23169.010593602434,179839.00441154838
2021-09-13,19.10425567626953,8.24982738494873,5.247000217437744,58.36415481567383,34.97751998901367,116404.0,23447.427179190097,182960.9504530672
2021-09-14,18.986358642578125,8.139747619628906,5.213200092315674,57.95148849487305,35.40911102294922,116181.0,23162.50765196001,180259.7927451767
2021-09-15,18.678544998168945,8.281281471252441,5.238900184631348,56.504085540771484,35.822731018066406,115063.0,23473.94108050037,182389.11747314036
2021-09-16,18.665441513061523,8.208941459655762,5.221700191497803,54.1574592590332,35.87668991088867,113794.0,23360.581231713295,181460.97593058273
2021-09-17,18.2200927734375,7.840953350067139,5.256800174713135,53.061126708984375,35.23826217651367,111439.0,23303.34383856412,181805.7974768076
2021-09-20,17.8074893951416,7.752888202667236,5.289700031280518,50.96701431274414,34.9685173034668,108844.0,23051.084413997596,179693.58960948884
2021-09-21,17.761632919311523,7.929017543792725,5.323200225830078,51.81081771850586,35.74181365966797,110250.0,23178.224879400805,180562.09911637008
2021-09-22,18.17424774169922,8.130311012268066,5.268899917602539,53.652400970458984,36.47911834716797,112282.0,23160.187954167835,180503.66107173264
2021-09-23,18.802980422973633,8.441683769226074,5.287700176239014,53.6505241394043,37.01861572265625,114064.0,23524.872226808453,183825.9464933239
2021-09-24,18.541006088256836,8.460556983947754,5.3018999099731445,52.8210563659668,37.17147445678711,113283.0,23622.508907334413,184495.51306724548
2021-09-27,19.025651931762695,8.536040306091309,5.336999893188477,53.575740814208984,36.7582893371582,113583.0,23712.876865756698,186097.8298028931
2021-09-28,18.593408584594727,8.479426383972168,5.390399932861328,50.89015197753906,36.58736038208008,110124.0,23462.41582808271,184890.65452839434
2021-09-29,18.927417755126953,8.614669799804688,5.427599906921387,51.53605651855469,35.86768341064453,111107.0,23661.404478211887,186659.0618864596
2021-09-30,18.947059631347656,8.564348220825195,5.414299964904785,51.835201263427734,35.65176773071289,110979.0,23322.31388232205,183241.1450200528
2021-10-01,19.441787719726562,8.806525230407715,5.441699981689453,51.80799865722656,36.13754653930664,112900.0,23709.70470078662,186794.30185505748
2021-10-04,15.949210166931152,9.054996490478516,5.3678998947143555,51.325286865234375,34.887088775634766,110393.0,23084.438571539707,182524.28075279295
2021-10-05,16.335817337036133,9.253144264221191,5.453199863433838,50.9581298828125,33.7625732421875,110458.0,23698.080882107606,187124.76398252696
2021-10-06,16.38823699951172,9.007819175720215,5.475500106811523,52.39271926879883,33.74458312988281,110560.0,23892.61742164381,188450.22301011533
2021-10-07,16.040952682495117,8.99523639678955,5.4918999671936035,53.95647430419922,33.78956604003906,110585.0,24163.040512495674,190870.6615688
2021-10-08,16.158893585205078,9.15878677368164,5.517000198364258,54.28962326049805,34.770145416259766,112833.0,24227.02278905362,191695.0681424141
2021-10-11,15.877129554748535,9.221689224243164,5.506899833679199,55.49303436279297,34.74314880371094,112180.0,24016.636162973475,189966.3393325098
2021-10-12,15.877129554748535,9.221689224243164,5.535999774932861,55.49303436279297,34.74314880371094,112180.0,24085.196880186675,190318.48163756542
2021-10-13,15.896793365478516,9.319192886352539,5.531499862670898,53.84769821166992,36.50638961791992,113456.0,24138.3580203522,190160.84351525456
2021-10-14,15.818159103393555,9.334916114807129,5.512499809265137,53.84769821166992,36.524383544921875,113185.0,24465.906111476943,192455.47258900478
2021-10-15,16.22442054748535,9.309757232666016,5.512199878692627,54.853939056396484,36.09257507324219,114648.0,24647.085817550775,194551.78126457892
2021-10-18,16.335817337036133,9.262578010559082,5.458399772644043,54.33721923828125,36.30848693847656,114428.0,24488.892030757852,192455.58539624512
2021-10-19,15.949210166931152,8.809671401977539,5.511300086975098,53.71171569824219,35.399871826171875,110673.0,24909.03656623978,195415.86793663725
2021-10-20,16.375137329101562,8.963786125183105,5.5833001136779785,52.1275520324707,36.09257507324219,110786.0,25326.90981551842,198817.63119760714
2021-10-21,16.040952682495117,8.633540153503418,5.59630012512207,51.10092544555664,35.399871826171875,107735.0,25461.933180947788,199245.51056566834
2021-10-22,15.424999237060547,8.54862117767334,5.657800197601318,51.726417541503906,34.98604965209961,106296.0,25714.13556555868,201853.44815373234
2021-10-25,15.726425170898438,9.133626937866211,5.649199962615967,52.3519172668457,35.57979202270508,108715.0,25796.958534950623,201908.89441697672
2021-10-26,15.556050300598145,9.045561790466309,5.5543999671936035,51.79440689086914,35.67876052856445,106420.0,25410.213642886374,198608.00702382065
2021-10-27,15.673992156982422,9.02354621887207,5.564799785614014,50.61817932128906,35.264923095703125,106363.0,25329.188866371056,197498.59192879312
2021-10-28,15.6412353515625,9.108464241027832,5.534999847412109,50.10826873779297,34.0324592590332,105705.0,25441.183566220105,197768.2039424926
2021-10-29,15.274291038513184,8.539185523986816,5.644899845123291,48.687286376953125,33.285770416259766,103501.0,25996.9081872222,202197.82075824402
2021-11-01,15.882606506347656,8.806525230407715,5.633699893951416,49.170021057128906,33.24979019165039,105551.0,25992.031749594025,202327.7957191225
2021-11-02,15.882606506347656,8.806525230407715,5.678899765014648,49.170021057128906,33.24979019165039,105551.0,26296.996642285027,204739.26582386345
2021-11-03,16.033428192138672,8.444829940795898,5.678599834442139,45.4373893737793,33.89751052856445,105617.0,26465.51103221462,205324.4171544537
2021-11-04,15.187494277954102,8.177489280700684,5.5524001121521,44.9206657409668,33.93349075317383,103412.0,25985.5659942145,200576.1813060958
2021-11-05,15.00388240814209,8.130311012268066,5.6016998291015625,43.58808517456055,33.89751052856445,104824.0,26314.151794709265,203498.26693028212
2021-11-08,14.925192832946777,8.215229988098145,5.541100025177002,45.960906982421875,33.375732421875,104781.0,26052.59107062081,201874.56823287904
2021-11-09,14.7743558883667,8.378782272338867,5.543099880218506,44.8322868347168,33.096858978271484,105535.0,25970.808713793755,201325.2793858666
2021-11-10,15.148153305053711,8.31273365020752,5.479100227355957,44.66231918334961,32.6380500793457,105968.0,25459.789603429846,197685.61516197398
2021-11-11,15.115363121032715,8.319023132324219,5.4899001121521,46.23966979980469,32.83597183227539,107725.0,25524.028001650004,197203.96717903204
2021-11-12,15.082578659057617,8.488862037658691,5.3979997634887695,46.43684005737305,32.0713005065918,106312.0,25278.0237196018,194869.4572509341
2021-11-15,15.082578659057617,8.488862037658691,5.457600116729736,46.43684005737305,32.0713005065918,106312.0,25556.848760684486,196950.86706872843
2021-11-16,14.925192832946777,8.576930046081543,5.456299781799316,45.09744644165039,31.82839584350586,104508.0,25649.51911141863,197202.78027936816
2021-11-17,14.984208106994629,8.359910011291504,5.502200126647949,44.19318771362305,32.17924880981445,102945.0,25798.000237951055,197699.83215918764
2021-11-18,14.735017776489258,8.347329139709473,5.52869987487793,42.377864837646484,32.314186096191406,102524.0,26009.989925323054,198319.7124574557
2021-11-19,14.61042308807373,8.208941459655762,5.556399822235107,43.533687591552734,32.197235107421875,103035.0,26103.743891820777,197818.83794778027
2021-11-22,14.64663028717041,8.290716171264648,5.611599922180176,45.95410919189453,31.189680099487305,102122.0,26278.78541076975,199880.98052811623
2021-11-23,14.892176628112793,8.743622779846191,5.585599899291992,47.16432189941406,30.730859756469727,103663.0,26200.374538546428,200041.56203701347
2021-11-24,15.290365219116211,8.92289924621582,5.570400238037109,48.25895690917969,30.164108276367188,104514.0,26189.01368552819,199444.72078214586
2021-11-25,15.429723739624023,9.316047668457031,5.605199813842773,47.9326057434082,30.407005310058594,105811.0,26352.622497836128,200690.69798006862
2021-11-26,15.13771915435791,8.954349517822266,5.565100193023682,46.667999267578125,29.408432006835938,102224.0,25569.521301030647,194218.3229008522
2021-11-29,15.038177490234375,9.268867492675781,5.607800006866455,47.252708435058594,29.156536102294922,102814.0,26105.823247492546,197035.3324592281
2021-11-30,14.852357864379883,9.256291389465332,5.6006999015808105,47.558658599853516,28.994613647460938,101915.0,25578.39645051956,193132.96020926535
2021-12-01,14.757816314697266,9.309757232666016,5.620871067047119,47.7490348815918,29.22850799560547,100775.0,25367.216179991607,191233.49500835314
2021-12-02,15.315707206726074,10.020097732543945,5.6915669441223145,49.965492248535156,29.4354248046875,104466.0,26050.87161575933,197154.6783794947
2021-12-03,15.262577056884766,10.161425590515137,5.643321990966797,48.86406326293945,29.489398956298828,105070.0,25611.822815453634,195146.51533216238
2021-12-06,15.441904067993164,10.207355499267578,5.65009880065918,51.515655517578125,29.696304321289062,106859.0,25943.388718608767,199036.20701640844
2021-12-07,15.249288558959961,10.373414039611816,5.688000202178955,51.89640426635742,31.090721130371094,107558.0,26658.234947562218,203172.12328421697
2021-12-08,15.10317611694336,10.369882583618164,5.611800193786621,51.50885772705078,32.42213821411133,108096.0,26382.250969820656,200648.5129787922
2021-12-09,14.698033332824707,10.348682403564453,5.531599998474121,51.114505767822266,32.83597183227539,106291.0,25818.46749326866,197780.65092825517
2021-12-10,14.717958450317383,10.47587776184082,5.571100234985352,51.43407440185547,32.20623779296875,107758.0,26251.135838066228,200397.9812663272
2021-12-13,14.326104164123535,10.412280082702637,5.60866117477417,52.936641693115234,32.02631759643555,107383.0,26186.671970171155,199954.09472704865
2021-12-14,14.465578079223633,10.288620948791504,5.679699897766113,52.92984390258789,31.747440338134766,106760.0,26320.23961178586,201880.2737372741
2021-12-15,14.419081687927246,10.352215766906738,5.680600166320801,52.63067626953125,32.03530502319336,107370.0,26754.775248092134,204089.36305829138
2021-12-16,14.565201759338379,10.490010261535645,5.6793999671936035,54.69076919555664,32.02631759643555,108212.0,26515.24380113464,203877.05898795277
2021-12-17,14.246402740478516,10.242688179016113,5.687399864196777,53.827301025390625,31.351604461669922,107201.0,26279.428086076397,201137.40665116534
2021-12-20,14.027226448059082,9.949433326721191,5.693059921264648,53.222190856933594,30.624046325683594,105020.0,26006.011692727916,198870.8809487447
2021-12-21,14.047149658203125,9.963566780090332,5.741300106048584,54.62277603149414,30.543004989624023,105500.0,26692.62457990949,203774.23778855987
2021-12-22,14.100285530090332,9.949433326721191,5.74399995803833,54.33721923828125,30.317890167236328,105244.0,26977.040779486997,205370.34624970704
2021-12-23,14.173345565795898,10.009498596191406,5.6529998779296875,53.813697814941406,30.137802124023438,104891.0,26714.890513941646,203228.50334197283
2021-12-24,14.173345565795898,10.009498596191406,5.671795845031738,53.813697814941406,30.137802124023438,104891.0,26803.716308047064,203904.2288586013
2021-12-27,14.319461822509766,10.157892227172852,5.67110013961792,53.677711486816406,29.867673873901367,105531.0,27171.317945644958,205874.426083697
2021-12-28,14.26632308959961,10.168493270874023,5.624100208282471,52.38591766357422,29.975725173950195,104864.0,26918.91258114134,204707.18571470305
2021-12-29,14.146777153015137,10.083695411682129,5.627500057220459,52.52189254760742,29.480485916137695,104107.0,26972.945753997425,205339.76125781797
2021-12-30,13.91431713104248,10.051895141601562,5.702700138092041,53.00461959838867,29.696590423583984,104822.0,27251.664119523717,207567.3251497224
2021-12-31,13.91431713104248,10.051895141601562,5.570199966430664,53.00461959838867,29.696590423583984,104822.0,26548.576655139215,202411.60179186612
2022-01-03,14.298294067382812,10.278018951416016,5.569300174713135,53.03182601928711,28.832164764404297,103922.0,26713.482772348216,203753.17321806215
2022-01-04,14.703773498535156,10.31688404083252,5.68120002746582,52.406314849853516,28.688091278076172,103514.0,27233.059801580384,209066.16371385753
2022-01-05,14.424599647521973,9.917634963989258,5.676199913024902,52.90263366699219,27.175342559814453,101006.0,26681.432230619714,206654.0310678631
2022-01-06,14.717073440551758,9.910569190979004,5.705635070800781,53.97007369995117,27.166345596313477,101561.0,26793.94645985216,206752.06694197655
2022-01-07,15.042795181274414,9.956499099731445,5.682400226593018,57.111183166503906,26.482009887695312,102719.0,26576.755110954167,205882.7938817162
2022-01-10,15.182380676269531,9.896435737609863,5.632199764251709,56.43129348754883,25.716630935668945,101945.0,26304.006456994917,203147.08727104403
2022-01-11,15.52139949798584,10.189689636230469,5.662199974060059,57.505516052246094,26.148841857910156,103779.0,26686.34383643465,205266.1840494685
2022-01-12,15.454919815063477,10.5006103515625,5.567299842834473,58.13103485107422,27.21136474609375,105686.0,26313.008155862335,202039.09457219392
2022-01-13,15.740756034851074,10.712601661682129,5.533199787139893,57.247169494628906,26.20287322998047,105530.0,25779.342615504982,199823.88054878823
2022-01-14,15.621102333068848,11.111849784851074,5.526700019836426,57.58031463623047,27.643579483032227,106928.0,25770.173727211077,198473.79326744005
2022-01-17,15.621102333068848,11.129517555236816,5.533299922943115,57.281158447265625,27.32842254638672,106692.0,25800.948086056625,198710.80772454478
2022-01-18,15.714168548583984,11.178980827331543,5.5157999992370605,58.681739807128906,27.499513626098633,106522.0,25246.42258039466,195085.399904266
2022-01-19,15.607810974121094,11.125983238220215,5.565700054168701,59.973548889160156,27.46349334716797,108013.0,25227.98127307277,194958.95050605014
2022-01-20,15.481507301330566,11.207245826721191,5.43720006942749,58.95370864868164,27.679597854614258,109102.0,24373.49976102938,188754.52431645244
2022-01-21,15.488168716430664,11.224913597106934,5.418099880218506,57.72990798950195,27.562538146972656,108942.0,23828.477869741386,185653.20301868953
2022-01-24,15.468214988708496,11.288511276245117,5.457099914550781,57.02280044555664,26.92322540283203,107752.0,24066.51940665394,187530.51001358032
2022-01-25,16.02659034729004,11.655961036682129,5.486100196838379,57.15198516845703,27.193363189697266,109845.0,23899.9222740205,188160.78587571904
2022-01-26,16.199426651000977,11.966877937316895,5.440703868865967,57.3151741027832,27.679597854614258,111573.0,23666.681936669862,185898.45860465057
2022-01-27,16.27918243408203,11.970412254333496,5.429166793823242,57.444339752197266,29.174333572387695,112315.0,23489.34315268323,185464.57921355963
2022-01-28,16.47861099243164,11.496966361999512,5.40348482131958,56.880035400390625,28.47198486328125,111478.0,23947.434733049246,187638.5433038324
2022-01-31,16.837566375732422,11.429835319519043,5.362599849700928,54.983116149902344,28.958227157592773,112388.0,24215.08670393424,188398.10380408913
2022-02-01,16.95572853088379,11.659493446350098,5.303100109100342,58.001853942871094,28.868183135986328,113147.0,24110.756977181416,187757.52299202047
2022-02-02,16.689647674560547,11.489901542663574,5.264500141143799,58.32820510864258,28.607053756713867,112161.0,24160.791040828917,187570.60294292122
2022-02-03,16.882556915283203,11.33090591430664,5.260900020599365,58.300994873046875,27.868694305419922,111696.0,23555.36387997656,184716.30318928324
2022-02-04,16.935768127441406,11.528767585754395,5.282899856567383,59.83076477050781,27.778644561767578,112245.0,23775.848156479187,185375.57333300263
2022-02-07,16.842639923095703,11.359172821044922,5.326900005340576,61.27895736694336,27.913713455200195,111996.0,23885.127751192544,186926.93475810997
2022-02-08,17.028894424438477,11.246109962463379,5.262599945068359,62.135616302490234,27.21136474609375,112234.0,23795.0563611947,186626.43065822124
2022-02-09,16.350406646728516,11.288511276245117,5.258399963378906,62.149208068847656,27.274394989013672,112461.0,24121.22806834057,188082.75799950957
2022-02-10,16.663042068481445,11.461634635925293,5.234499931335449,63.82175827026367,26.779151916503906,113359.0,23576.606859674677,184472.09961726144
2022-02-11,17.647531509399414,11.928014755249023,5.248700141906738,62.52994918823242,26.590059280395508,113572.0,23192.117112630513,182329.6530705802
2022-02-14,17.60761260986328,11.659493446350098,5.249956130981445,62.25799560546875,27.40946388244629,113807.0,23108.573992904276,181470.88595971465
2022-02-15,17.77391242980957,11.475768089294434,5.214000225067139,60.40867614746094,29.606548309326172,114660.0,23312.159069767455,182431.81882015057
2022-02-16,17.587657928466797,11.634760856628418,5.157899856567383,60.850608825683594,28.183847427368164,115181.0,23081.652228254825,180187.46380452067
2022-02-17,17.341537475585938,11.58882999420166,5.135799884796143,58.2330207824707,27.598554611206055,113528.0,22496.137599674053,176219.72614087164
2022-02-18,17.408063888549805,11.659493446350098,5.170599937438965,58.35540008544922,26.842187881469727,112768.0,22486.26755585987,176209.80436015874
2022-02-21,16.982330322265625,11.95981216430664,5.137499809265137,58.402984619140625,26.765300750732422,111725.0,22342.319397569634,175081.77914444357
2022-02-22,17.137840270996094,11.92094898223877,5.102700233459473,59.41603088378906,26.774368286132812,112892.0,21965.898661041632,171433.4265012592
2022-02-23,16.898250579833984,12.090540885925293,5.05709981918335,58.790531158447266,25.931150436401367,112008.0,21368.775285959244,167550.62619711645
2022-02-24,16.612062454223633,11.797285079956055,5.008699893951416,59.51801681518555,26.583965301513672,111592.0,21480.812213451136,166408.18440634757
2022-02-25,16.951492309570312,12.012809753417969,5.122200012207031,62.740726470947266,26.65650177001953,113142.0,22459.053783308715,174455.72966575623
2022-02-28,16.951492309570312,12.012809753417969,5.15939998626709,62.740726470947266,26.65650177001953,113142.0,22566.905673624482,174865.48803611845
2022-03-01,16.951492309570312,12.012809753417969,5.158400058746338,62.740726470947266,26.65650177001953,113142.0,22213.41062797699,171748.66800595634
2022-03-02,16.670198440551758,12.249534606933594,5.158999919891357,67.75154876708984,27.427181243896484,115174.0,22630.15971012367,174845.47999594733
2022-03-03,16.68352699279785,12.097609519958496,5.096502780914307,67.78553771972656,28.3338623046875,115166.0,22238.540113984607,172234.57946638204
2022-03-04,16.43044090270996,12.094071388244629,5.030900001525879,69.32890319824219,28.569602966308594,114474.0,21778.112679163925,169112.70130168274
2022-03-07,16.077455520629883,11.235511779785156,5.06056022644043,71.43659210205078,28.17972755432129,111593.0,21259.86817098409,166074.32242899388
2022-03-08,15.92427921295166,11.468703269958496,5.110499858856201,68.3022689819336,28.62399673461914,111203.0,21314.362759476062,166769.10530816764
2022-03-09,16.716825485229492,11.504033088684082,5.058800220489502,66.50135040283203,29.621356964111328,113900.0,21640.93969439948,168388.48883926868
2022-03-10,16.730146408081055,11.906815528869629,5.011499881744385,68.69712829589844,28.7600040435791,113663.0,21346.5840741687,166251.84944807366
2022-03-11,16.543663024902344,11.479300498962402,5.009699821472168,68.3370361328125,28.460800170898438,111713.0,21062.33134995075,165040.50980643556
2022-03-14,16.776771545410156,11.260244369506836,5.073500156402588,64.67272186279297,28.125328063964844,109928.0,21172.273544042604,167147.6715726424
2022-03-15,16.716825485229492,10.988189697265625,5.121399879455566,62.81584548950195,27.381845474243164,108959.0,21829.711916458793,171793.9780321978
2022-03-16,17.04317283630371,10.892794609069824,5.1631999015808105,64.34088134765625,28.99574089050293,111112.0,22500.501617196715,175874.60263503715
2022-03-17,17.4161319732666,10.603073120117188,5.0738749504089355,66.57901000976562,30.0112247467041,113076.0,22384.26150607411,174951.07315578498
2022-03-18,17.542673110961914,10.8150634765625,5.039400100708008,67.84280395507812,30.183502197265625,115311.0,22491.447968026623,175143.99616728723
2022-03-21,17.975584030151367,11.221379280090332,5.0177998542785645,69.76322174072266,29.512554168701172,116155.0,22385.309235945577,173379.9795625452
2022-03-22,18.222007751464844,11.171916007995605,4.935200214385986,68.20288848876953,29.920560836791992,117272.0,22265.697964491555,171781.78868098184
2022-03-23,18.1420841217041,11.323838233947754,4.909999847412109,68.09700012207031,29.693889617919922,117457.0,21880.138870812953,168700.22975730896
2022-03-24,18.261964797973633,11.454567909240723,4.82420015335083,68.42176055908203,30.038429260253906,119053.0,21806.157318951562,167438.05625452287
2022-03-25,18.295272827148438,11.412171363830566,4.826300144195557,67.23563385009766,29.8117618560791,119081.0,21926.17141588009,168250.79934363253
2022-03-28,18.281949996948242,11.164848327636719,4.7368998527526855,67.31329345703125,30.498672485351562,118738.0,21673.780106784543,165582.55315440148
2022-03-29,18.495075225830078,11.412171363830566,4.764100074768066,66.73432922363281,30.816368103027344,120014.0,22065.406371539924,168145.05991739407
2022-03-30,18.5350284576416,11.655961036682129,4.756199836730957,67.68748474121094,30.99791717529297,120260.0,21890.172867507674,167555.2536818199
2022-03-31,18.30193519592285,11.818486213684082,4.769700050354004,67.49685668945312,31.651443481445312,119999.0,21608.697550389916,165405.3351938501
2022-04-01,18.35367774963379,11.663026809692383,4.737800121307373,68.45706939697266,32.11437225341797,121570.0,21537.375411700225,164962.00160886906
2022-04-04,18.18706512451172,11.553497314453125,4.657199859619141,69.14897155761719,31.7876033782959,121280.0,21342.271001411602,162638.16953982413
2022-04-05,17.82052230834961,11.4439697265625,4.593800067901611,67.1509017944336,31.4335994720459,118885.0,20787.497101598885,159134.65360062942
2022-04-06,17.81386947631836,11.433368682861328,4.650700092315674,68.16758728027344,31.161287307739258,118228.0,20840.48426451045,160432.93023495935
2022-04-07,17.800527572631836,12.026946067810059,4.715199947357178,68.57707977294922,30.970666885375977,118862.0,21219.389770908747,163068.44891692325
2022-04-08,17.7672119140625,12.087005615234375,4.752099990844727,67.17915344238281,30.988826751708984,118322.0,21328.754325949587,164998.23923172802
2022-04-11,17.700565338134766,11.995145797729492,4.6981000900268555,66.36720275878906,29.545589447021484,116953.0,20730.50658088876,161182.7849277109
2022-04-12,17.38734245300293,11.95981216430664,4.693600177764893,65.92241668701172,29.382204055786133,116147.0,20639.87301843101,160616.6848456785
2022-04-13,17.43399429321289,12.214200973510742,4.673099994659424,65.9435806274414,29.554664611816406,116782.0,20779.358975080773,161523.7846142333
2022-04-14,17.547290802001953,12.086745262145996,4.690199851989746,65.01866912841797,29.309585571289062,116182.0,20602.124235007912,161583.15604539588
2022-04-15,17.547290802001953,12.086745262145996,4.701000213623047,65.01866912841797,29.309585571289062,116182.0,20649.565793827176,161955.24179317057
2022-04-18,17.647249221801758,11.874154090881348,4.7006001472473145,63.94550323486328,28.964662551879883,115687.0,20643.57838523877,161755.6016912479
2022-04-19,17.334026336669922,12.233624458312988,4.6519999504089355,61.905067443847656,28.474506378173828,115057.0,20758.20051699551,162406.89703434147
2022-04-20,17.447322845458984,12.291604995727539,4.664999961853027,60.29531478881836,28.519886016845703,114344.0,20803.334991018288,164025.07963528484
2022-04-21,17.447322845458984,12.291604995727539,4.620800018310547,60.29531478881836,28.519886016845703,114344.0,20302.22493045032,160770.3939870745
2022-04-22,17.107433319091797,11.812309265136719,4.620800018310547,56.800437927246094,28.4200382232666,111078.0,19739.040109468624,156235.7105191052
2022-04-25,17.04079818725586,11.638370513916016,4.795199871063232,55.83317947387695,28.329269409179688,110685.0,20600.75463200966,163273.97069727257
2022-04-26,16.46099281311035,11.619044303894043,4.876200199127197,55.07066345214844,27.212806701660156,108213.0,20359.112023778725,162085.77081121132
2022-04-27,16.327707290649414,11.619044303894043,4.997799873352051,58.01481628417969,28.71050262451172,109349.0,20910.59456288349,166436.3799745664
2022-04-28,16.19442367553711,11.696351051330566,4.963600158691406,59.44807052612305,28.256649017333984,109919.0,21281.435680389404,168347.40188848972
2022-04-29,15.90785026550293,11.704083442687988,4.93779993057251,58.80557632446289,27.321725845336914,107876.0,20402.644535103114,162834.8698776625
2022-05-02,15.839588165283203,11.588123321533203,4.97130012512207,58.54433059692383,26.268795013427734,106639.0,20657.640531355515,164358.63908672333
2022-05-03,15.919623374938965,11.692483901977539,5.084700107574463,58.2478141784668,25.787717819213867,106528.0,21231.06350586447,168449.95730990544
2022-05-04,15.899613380432129,12.395964622497559,4.958099842071533,57.7606315612793,26.268795013427734,108344.0,21320.671810529195,168878.1292344611
2022-05-05,15.532806396484375,12.372775077819824,4.918799877166748,56.715721130371094,25.560789108276367,105304.0,20397.624223048333,162310.4046342522
2022-05-06,15.866266250610352,12.778632164001465,5.0279998779296875,56.31327819824219,24.64401626586914,105135.0,20732.152231037617,165418.0338433385
2022-05-09,15.639508247375488,12.430755615234375,5.080399990081787,54.004547119140625,24.19924545288086,103250.0,20277.09560680075,163821.0499911178
2022-05-10,15.559484481811523,12.538981437683105,5.160900115966797,53.33381271362305,23.709089279174805,103110.0,20649.01966098603,165978.36800516397
2022-05-11,16.07968521118164,12.975759506225586,5.13129997253418,55.557823181152344,23.690929412841797,104397.0,20192.588675144594,163350.36456158757
2022-05-12,16.33311653137207,13.07625961303711,5.134252071380615,55.00004959106445,23.972320556640625,105688.0,20178.02178180497,162911.36251166277
2022-05-13,16.526538848876953,13.246332168579102,5.133399963378906,54.93650817871094,24.054012298583984,106924.0,20656.236227201298,165278.33406701684
2022-05-16,16.699926376342773,13.377751350402832,5.058300018310547,56.581573486328125,23.781700134277344,108233.0,20273.717105786316,162995.72558084875
2022-05-17,16.846649169921875,13.203811645507812,5.059700012207031,56.341522216796875,24.426164627075195,108789.0,20688.35488902405,165222.42863103747
2022-05-18,16.6065616607666,12.987354278564453,4.9380998611450195,54.915321350097656,23.99047088623047,106247.0,19375.52332561207,155501.11183760315
2022-05-19,16.55320930480957,13.20767593383789,4.96750020980835,56.3768196105957,23.173545837402344,107005.0,19377.17533746129,155249.93410111312
2022-05-20,16.759952545166016,13.462786674499512,4.929999828338623,57.3723258972168,23.59108543395996,108488.0,19233.704659876996,154121.16355932038
2022-05-23,17.193462371826172,13.992330551147461,4.880199909210205,58.54433059692383,24.117549896240234,110346.0,19392.694389224052,155581.9454973964
2022-05-24,17.453563690185547,13.611337661743164,4.813499927520752,59.33510208129883,23.672775268554688,110581.0,18972.313600310823,153688.40591923613
2022-05-25,17.140100479125977,13.805169105529785,4.817800045013428,59.5186882019043,22.973848342895508,110580.0,19168.72547899862,154749.08304232825
2022-05-26,17.35352325439453,13.839627265930176,4.822800159454346,59.48336410522461,23.336929321289062,111890.0,19570.151822919142,157402.64249867294
2022-05-27,17.4468994140625,13.180598258972168,4.768199920654297,60.52124786376953,23.799856185913086,111942.0,19827.32075560838,158366.03770688176
2022-05-30,17.286823272705078,12.917845726013184,4.729599952697754,61.17786407470703,23.18262481689453,111032.0,19666.812815805897,157084.01847895235
2022-05-31,17.4468994140625,12.947997093200684,4.752399921417236,60.867191314697266,23.028310775756836,111351.0,19637.62887118268,156782.2488934826
2022-06-01,17.205068588256836,12.930768013000488,4.730400085449219,62.30044174194336,23.7907772064209,111360.0,19400.458650056273,155219.7082132399
2022-06-02,17.278480529785156,12.818778991699219,4.815499782562256,63.472469329833984,23.899702072143555,112393.0,20113.47495532711,160107.09112994373
2022-06-03,17.118309020996094,13.042763710021973,4.7957000732421875,62.45576858520508,23.52754783630371,111102.0,19703.32576625049,157777.0899530053
2022-06-06,17.058242797851562,13.05137825012207,4.775000095367432,62.519317626953125,23.58200454711914,110186.0,19679.82948240568,157172.85860784352
2022-06-07,17.058242797851562,13.20644474029541,4.7941999435424805,63.980812072753906,23.554777145385742,110070.0,19947.132663828786,159072.22831110656
2022-06-08,16.73122215270996,13.14183235168457,4.867526054382324,61.777984619140625,22.156919479370117,108368.0,20033.617803914007,160194.65561766177
2022-06-09,16.444252014160156,12.95230770111084,4.898099899291992,59.68811798095703,22.25676727294922,107094.0,19679.6840722044,158075.34485690296
2022-06-10,16.083871841430664,12.77139663696289,4.903299808502197,59.70223617553711,21.784767150878906,105481.0,19127.08661771554,153928.25659850612
2022-06-13,15.890323638916016,12.607715606689453,4.984000205993652,57.8100700378418,21.621381759643555,102598.0,18688.156108337454,152095.43961437978
2022-06-14,15.783551216125488,12.749861717224121,5.113399982452393,57.697113037109375,22.011693954467773,102063.0,19101.00326658017,155267.52158865426
2022-06-15,15.85028076171875,12.525875091552734,5.116099834442139,57.661808013916016,21.784767150878906,102807.0,19389.96716157545,156903.25765832607
2022-06-16,15.85028076171875,12.525875091552734,5.052000045776367,57.661808013916016,21.784767150878906,102807.0,18524.522306523286,151191.56058870256
2022-06-17,15.65007495880127,11.763466835021973,5.052199840545654,54.65409851074219,20.722755432128906,99825.0,18566.026506071794,151004.08599777613
2022-06-20,16.330793380737305,11.896998405456543,5.152100086212158,53.30556869506836,21.87553596496582,99853.0,18933.143933637184,153989.98239220586
2022-06-21,16.15727424621582,11.6600923538208,5.18720006942749,53.65858840942383,22.964773178100586,99685.0,19528.719152004924,158366.51491963863
2022-06-22,16.037160873413086,11.625631332397461,5.122799873352051,53.19966125488281,23.4095458984375,99522.0,19261.163465516875,156158.97890578024
2022-06-23,15.67009449005127,11.410263061523438,5.193600177764893,51.25807189941406,23.51847267150879,98080.0,19713.503901310032,159325.9391033575
2022-06-24,15.643394470214844,11.324116706848145,5.23799991607666,52.68426513671875,24.017704010009766,98672.0,20489.69374056137,165000.55755948275
2022-06-27,15.73682975769043,12.0520658493042,5.241399765014648,55.105960845947266,23.575199127197266,100764.0,20442.03620057227,164780.48734801635
2022-06-28,15.563304901123047,12.202823638916016,5.236800193786621,56.09440612792969,23.775217056274414,100591.0,20012.694036268396,162063.20445648767
2022-06-29,15.403135299682617,12.095138549804688,5.266600131988525,55.6284294128418,23.66611671447754,99622.0,20112.250993494876,163418.97102168482
2022-06-30,15.1295166015625,12.030527114868164,5.1809000968933105,54.05396270751953,24.0479736328125,98542.0,19611.67500164127,159444.42664990202
2022-07-01,15.26152229309082,12.288969993591309,5.251999855041504,53.023162841796875,24.09343719482422,98954.0,20090.633015798405,163322.8037812505
2022-07-04,15.114585876464844,12.55172061920166,5.330999851226807,52.719566345214844,24.084341049194336,98609.0,20392.834077377804,165779.48718410823
2022-07-05,15.22144889831543,12.073599815368652,5.3282999992370605,52.45832824707031,24.56620979309082,98295.0,20414.794761700905,165005.83694746718
2022-07-06,15.081193923950195,11.918534278869629,5.385200023651123,52.95256042480469,24.638948440551758,98719.0,20706.525327659212,167144.11338720098
2022-07-07,15.29491901397705,12.267433166503906,5.427999973297119,54.49171447753906,25.102632522583008,100730.0,21183.42189188255,170355.34080256708
2022-07-08,15.301602363586426,12.405269622802734,5.338200092315674,53.23497772216797,24.793502807617188,100289.0,20815.67005040357,167289.31730823684
2022-07-11,15.054479598999023,12.344964981079102,5.254000186920166,51.42046356201172,24.166166305541992,98212.0,20251.175581310526,163787.36036608182
2022-07-12,15.021077156066895,12.159748077392578,5.377200126647949,51.5757942199707,24.175260543823242,98271.0,20534.45210620179,166592.81201981567
2022-07-13,14.960970878601074,12.16836166381836,5.436500072479248,51.3992805480957,24.302541732788086,97881.0,20668.37740482262,167296.26996866986
2022-07-14,14.793989181518555,11.841001510620117,5.390900135040283,47.97500991821289,24.002513885498047,96121.0,20433.55942210788,165124.18716814276
2022-07-15,15.061148643493652,12.043447494506836,5.422800064086914,48.27155303955078,24.138891220092773,96551.0,20949.143818964716,169669.97706219926
2022-07-18,15.26152229309082,12.319120407104492,5.410099983215332,48.52573013305664,23.74794578552246,96916.0,20725.28204903053,168105.92345814407
2022-07-19,15.775810241699219,12.568948745727539,5.436800003051758,48.63162612915039,24.511659622192383,98245.0,21402.995885451324,173037.30978462845
2022-07-20,15.575429916381836,12.564640998840332,5.413099765777588,47.57963562011719,23.62974739074707,98287.0,21435.333233879646,172541.68809240125
2022-07-21,15.70234203338623,12.500030517578125,5.470200061798096,48.41275405883789,23.02968406677246,99033.0,21875.056270027882,175248.2544966163
2022-07-22,15.53536319732666,12.633562088012695,5.497799873352051,48.86461639404297,23.49337387084961,98925.0,21780.248267994262,175375.90736783296
2022-07-25,15.762450218200684,13.223672866821289,5.496699810028076,49.76834487915039,24.19881820678711,100270.0,21804.529157520155,175839.6416376345
2022-07-26,15.675621032714844,13.35720443725586,5.356299877166748,49.67656707763672,23.94293785095215,99772.0,21002.319894902757,170124.32777909562
2022-07-27,15.72905445098877,13.50365161895752,5.350100040435791,49.789512634277344,24.555217742919922,101438.0,21526.71659841563,172260.3267249819
2022-07-28,15.829243659973145,13.908547401428223,5.243000030517578,49.9095458984375,25.523906707763672,102597.0,21351.750255872495,170552.85558842868
2022-07-29,15.775810241699219,14.709722518920898,5.182700157165527,49.24587631225586,25.62442970275879,103165.0,21406.05483458843,170226.45474454388
2022-08-01,15.687347412109375,14.507272720336914,5.171199798583984,48.066802978515625,25.478208541870117,102225.0,21298.25802044198,169607.07139387727
2022-08-02,15.854452133178711,14.57188606262207,5.184000015258789,49.5988883972168,25.935138702392578,103362.0,21208.728718676604,167941.74536932632
2022-08-03,15.968074798583984,14.580498695373535,5.277699947357178,47.67142105102539,25.69753646850586,103775.0,21929.740077939816,173174.5295226574
2022-08-04,16.355745315551758,14.735563278198242,5.282700061798096,47.39606857299805,26.328096389770508,105892.0,21933.45338504878,172885.97568729892
2022-08-05,16.663211822509766,15.01984977722168,5.211100101470947,48.010311126708984,26.34637451171875,106472.0,21600.99972427846,170942.15933172405
2022-08-08,16.870418548583984,15.777953147888184,5.164599895477295,48.41981506347656,27.168838500976562,108402.0,21381.753745883005,169566.9278104417
2022-08-09,17.311555862426758,16.036392211914062,5.110099792480469,49.422386169433594,27.031761169433594,108651.0,21066.23418937996,167480.5065381229
2022-08-10,17.632381439208984,15.984707832336426,5.123700141906738,49.45768356323242,28.036996841430664,110236.0,21572.008486328647,170667.94992020354
2022-08-11,17.65912628173828,15.614272117614746,5.093699932098389,51.1804084777832,27.534378051757812,109718.0,21430.571012805915,169807.00326607376
2022-08-12,17.87302017211914,16.77378273010254,5.1570000648498535,51.835453033447266,28.238048553466797,112764.0,22072.733323953813,174105.74106830545
2022-08-15,18.026742935180664,16.779075622558594,5.074900150299072,50.72151184082031,27.726285934448242,113032.0,21807.55712569016,172102.2539895866
2022-08-16,18.233949661254883,16.932476043701172,5.095600128173828,51.850303649902344,27.954748153686523,113512.0,21937.578667048365,174024.99529145658
2022-08-17,18.28073501586914,17.329208374023438,5.1417388916015625,50.66952133178711,27.80853271484375,113708.0,21975.997893109918,174717.9344998598
2022-08-18,18.227266311645508,17.67833137512207,5.164999961853027,50.2907829284668,28.183212280273438,113813.0,22125.518147135153,175605.0354608521
2022-08-19,18.008575439453125,16.78436279296875,5.166999816894531,49.72638702392578,27.278499603271484,111496.0,21848.555284824222,174162.71052733064
2022-08-22,17.805770874023438,17.14406394958496,5.168399810791016,48.99861145019531,26.456029891967773,110501.0,21386.78794439882,170885.95243781805
2022-08-23,17.853099822998047,17.68891143798828,5.156099796295166,52.139930725097656,26.31895637512207,112857.0,21288.143811252667,169685.12948951684
2022-08-24,17.927467346191406,17.794706344604492,5.103499889373779,50.46158218383789,26.309818267822266,112898.0,21132.419336599996,168258.46405000426
2022-08-25,18.150541305541992,17.60427474975586,5.110099792480469,51.441856384277344,26.456029891967773,113532.0,21457.922839440405,170124.32445693016
2022-08-26,18.042383193969727,17.794706344604492,5.108699798583984,50.66952133178711,26.328096389770508,112299.0,20729.36637571547,164926.20107319206
2022-08-29,17.981538772583008,18.239046096801758,5.0625,49.68925094604492,25.926000595092773,112323.0,20404.963668823242,162501.13806152344
2022-08-30,17.900423049926758,17.154647827148438,5.027200222015381,48.24855041503906,25.944276809692383,110431.0,20039.22399514506,159819.06440181192
2022-08-31,17.447505950927734,17.57782554626465,5.1219000816345215,47.8995246887207,25.852895736694336,109523.0,20257.114822864532,161393.2723887451
2022-09-01,17.71649742126465,17.90578842163086,5.181700229644775,47.44651412963867,25.935138702392578,110405.0,20555.02806199179,164034.07837891113
2022-09-02,17.960018157958984,17.67833137512207,5.2403998374938965,46.72616195678711,27.607484817504883,110864.0,20564.691517459578,164121.1450207187
2022-09-05,18.250896453857422,17.636014938354492,5.171000003814697,48.43421173095703,28.238048553466797,112203.0,20292.34852546791,161947.65053157974
2022-09-06,18.0817813873291,16.98008155822754,5.153900146484375,47.283138275146484,27.680593490600586,109764.0,20142.420711502433,160519.7702587843
2022-09-07,18.0817813873291,16.98008155822754,5.247200012207031,47.283138275146484,27.680593490600586,109764.0,20883.17452748865,165713.28911207616
2022-09-08,17.95325469970703,16.821392059326172,5.246699810028076,47.906944274902344,27.607484817504883,109916.0,21019.22348627716,166711.36558834277
2022-09-09,18.09531593322754,16.816102981567383,5.2133002281188965,51.6497917175293,27.826814651489258,112300.0,21204.36937586416,167616.52196488157
2022-09-12,18.31855010986328,16.65212059020996,5.146299839019775,52.10279846191406,29.060514450073242,113407.0,21153.403125414625,166644.08402513526
2022-09-13,18.129135131835938,16.213071823120117,5.0920000076293945,50.68437957763672,27.9730281829834,110794.0,20025.257211644668,158386.5110576246
2022-09-14,18.061491012573242,16.461692810058594,5.189799785614014,49.7560920715332,27.982166290283203,110547.0,20479.001902712393,161584.8825961668
2022-09-15,18.108840942382812,16.429950714111328,5.162700176239014,50.75863265991211,27.424718856811523,109954.0,20141.500836740015,159846.59518402442
2022-09-16,18.0479679107666,16.281837463378906,5.246099948883057,50.68437957763672,27.854225158691406,109280.0,20319.87672485877,161697.49557660054
2022-09-19,18.724424362182617,16.54103660583496,5.250699996948242,52.32558822631836,27.963891983032227,111824.0,20477.15184705844,162875.0320404917
2022-09-20,19.34676742553711,16.445819854736328,5.170899868011475,51.57552719116211,28.448226928710938,112517.0,19938.627574582002,158778.8430779893
2022-09-21,19.143827438354492,16.48813819885254,5.141499996185303,50.8328971862793,28.493925094604492,111936.0,19485.924729072838,155189.90113974083
2022-09-22,19.52941131591797,16.895444869995117,5.170400142669678,51.99882507324219,28.338571548461914,114070.0,19430.311981659033,155508.4689472802
2022-09-23,19.143827438354492,15.837499618530273,5.115499973297119,50.92201614379883,27.93647575378418,111716.0,18892.71786646801,151369.74236414768
2022-09-26,18.731189727783203,15.493666648864746,5.258800029754639,51.033409118652344,27.976850509643555,109114.0,19221.12466617627,153876.7513745511
2022-09-27,18.62295913696289,15.69467544555664,5.389400005340576,50.27592849731445,27.500957489013672,108376.0,19656.704956002068,157020.11652473826
2022-09-28,18.61618995666504,15.483086585998535,5.3780999183654785,50.7512092590332,27.748056411743164,108451.0,20001.368930479977,159642.12093127426
2022-09-29,18.89354705810547,15.50424575805664,5.374199867248535,50.818050384521484,27.583328247070312,107664.0,19564.613233275013,157064.26602338254
2022-09-30,18.981477737426758,15.763442993164062,5.396200180053711,53.49893569946289,29.41367530822754,110037.0,19348.723921971396,155008.60096940026
2022-10-03,20.137365341186523,17.022401809692383,5.414299964904785,54.9544792175293,30.73152732849121,116134.0,19916.123049786547,159672.52807594836
2022-10-04,20.171213150024414,16.593936920166016,5.16349983215332,56.28378677368164,30.42036247253418,116230.0,19574.466065731365,156538.31484510005
2022-10-05,20.171213150024414,17.218124389648438,5.17579984664917,57.15266036987305,30.813884735107422,117198.0,19581.500195465633,156691.4872555239
2022-10-06,19.805688858032227,17.80528450012207,5.195199966430664,55.867919921875,30.868797302246094,117561.0,19453.5302797677,155476.43484224752
2022-10-07,19.846298217773438,17.789417266845703,5.220099925994873,56.07585906982422,30.52103042602539,116375.0,18999.388437848655,152932.16641704366
2022-10-10,19.636470794677734,17.58840560913086,5.198400020599365,54.94706726074219,31.36298942565918,115941.0,18778.647691991064,151808.2564609358
2022-10-11,19.501087188720703,17.45616340637207,5.186800003051758,54.575748443603516,31.02437400817871,114827.0,18614.595778823365,151657.82794469967
2022-10-12,19.501087188720703,17.45616340637207,5.292099952697754,54.575748443603516,31.02437400817871,114827.0,18930.000448840437,154586.73583603464
2022-10-13,19.38601303100586,17.95339584350586,5.291500091552734,53.602909088134766,30.630855560302734,114300.0,19419.328635917045,158949.89335071295
2022-10-14,19.39278221130371,17.67833137512207,5.259799957275391,51.85772705078125,30.07259750366211,112072.0,18846.23179247137,155873.27797878534
2022-10-17,19.548471450805664,17.662460327148438,5.327400207519531,52.674617767333984,30.758981704711914,113624.0,19593.911333119497,160811.94539695978
2022-10-18,20.029056549072266,18.096220016479492,5.2773590087890625,53.43952178955078,31.62839698791504,115743.0,19631.66986244172,161085.0550354123
2022-10-19,20.035831451416016,18.73628044128418,5.239799976348877,52.80828857421875,31.710752487182617,116274.0,19361.89882007602,159414.68178395834
2022-10-20,20.34720230102539,19.291706085205078,5.269199848175049,53.48407745361328,31.719913482666016,117171.0,19315.72757381422,159833.7469992917
2022-10-21,21.024080276489258,19.952922821044922,5.216599941253662,55.051029205322266,32.214111328125,119929.0,19576.59542953968,162145.28352284152
2022-10-24,20.069679260253906,18.117382049560547,5.163400173187256,53.4172477722168,31.957857131958008,116013.0,19607.186467465363,162645.13892603572
2022-10-25,19.9072265625,17.73651885986328,5.30620002746582,53.4172477722168,32.076820373535156,114626.0,20477.210157995578,168932.1119060628
2022-10-26,19.480789184570312,17.302759170532227,5.315199851989746,54.60545349121094,34.75828170776367,112764.0,20360.405072094407,169231.22943748534
2022-10-27,19.83953285217285,17.43500328063965,5.383900165557861,52.659767150878906,35.53618240356445,114641.0,20498.123363214196,172463.97770980652
2022-10-28,19.99521827697754,17.22870445251465,5.339200019836426,50.090274810791016,35.20671081542969,114539.0,20828.53994222684,175455.72738311067
2022-10-31,20.577342987060547,15.768732070922852,5.28849983215332,49.85263442993164,36.863189697265625,116037.0,20476.96547681,173108.19644924253
2022-11-01,20.629928588867188,15.795183181762695,5.178800106048584,51.367591857910156,36.06698989868164,116929.0,19969.971594676143,169104.39157688804
2022-11-02,20.629928588867188,15.795183181762695,5.142399787902832,51.367591857910156,36.06698989868164,116929.0,19333.82875726791,165316.6330003012
2022-11-03,20.48093032836914,15.842790603637695,5.142600059509277,49.86748504638672,36.78997039794922,116896.0,19129.905982940225,164569.63015437126
2022-11-04,20.555423736572266,14.96998405456543,5.1149001121521,53.654884338378906,37.33907699584961,118155.0,19285.98686762608,165739.2372085033
2022-11-07,20.088104248046875,14.361661911010742,5.078132152557373,53.37269592285156,37.430599212646484,115342.0,19331.43372631108,166699.84417200089
2022-11-08,20.027149200439453,14.467456817626953,5.153326988220215,54.99161911010742,37.33907699584961,116160.0,19727.503130455734,170888.59052829444
2022-11-09,19.065414428710938,14.229415893554688,5.14300012588501,54.3232536315918,37.156044006347656,113580.0,19278.896333461045,167219.19470043946
2022-11-10,18.706457138061523,13.816816329956055,5.185200214385986,55.362937927246094,35.902252197265625,109775.0,20514.571179830935,174820.9494234156
2022-11-11,18.103681564331055,14.277024269104004,5.341579914093018,61.11830520629883,36.59779357910156,112253.0,21328.55432123237,180266.88778113574
2022-11-14,18.049497604370117,14.652597427368164,5.279058933258057,61.86834716796875,37.21094512939453,113161.0,20890.555963635445,177042.21160273068
2022-11-15,18.049497604370117,14.652597427368164,5.331200122833252,61.86834716796875,37.21094512939453,113161.0,21280.711362192174,179090.58922632784
2022-11-16,17.792129516601562,14.361661911010742,5.331699848175049,61.2222785949707,35.426361083984375,110243.0,21107.080250226427,178898.94031975418
2022-11-17,17.900495529174805,14.366950988769531,5.39900016784668,61.71239471435547,36.19510269165039,109703.0,21307.47841876466,181116.58899782598
2022-11-18,18.04271697998047,14.123621940612793,5.422100067138672,60.02663803100586,35.94801712036133,108880.0,21500.470756779425,182972.51563946903
2022-11-21,18.096904754638672,14.165940284729004,5.38129997253418,59.35084915161133,36.14019775390625,109748.0,21255.811698201112,181351.32256501913
2022-11-22,17.79890251159668,13.20312786102295,5.318600177764893,59.51422882080078,35.600242614746094,109037.0,21293.441715211608,181354.16903175786
2022-11-23,17.61603546142578,13.265380859375,5.357699871063232,60.10090637207031,35.6368522644043,108683.0,21576.8504350594,183201.503318863
2022-11-24,18.24590301513672,13.723785400390625,5.35830020904541,60.487064361572266,36.387290954589844,111831.0,21579.26815220737,183222.03131100163
2022-11-25,17.602487564086914,13.503072738647461,5.320000171661377,60.07862854003906,35.78327941894531,108977.0,21418.959714566823,182726.21214605868
2022-11-28,17.2841739654541,13.786036491394043,5.4085001945495605,60.37567138671875,34.318992614746094,108782.0,21438.969944278477,183074.8160658665
2022-11-29,17.433168411254883,14.363282203674316,5.364699840545654,62.70751953125,34.51118087768555,110910.0,21231.496401262935,181608.66899894178
2022-11-30,17.609262466430664,15.087671279907227,5.268199920654297,63.65066146850586,35.69176483154297,112486.0,21494.835744180717,182225.82109998167
2022-12-01,17.607669830322266,14.48213005065918,5.181589126586914,63.99970245361328,35.06029510498047,110926.0,21123.11113998061,178220.8187307045
2022-12-02,17.84488296508789,14.663224220275879,5.183599948883057,64.46012878417969,35.38060760498047,111924.0,21106.063658761675,178470.71853848733
2022-12-05,17.323015213012695,14.499107360839844,5.2179999351501465,64.39329528808594,34.410526275634766,109401.0,20865.947319289087,177135.97375166044
2022-12-06,17.722885131835938,14.510424613952637,5.28000020980835,65.32899475097656,34.51118087768555,109533.0,20809.853678471758,177388.68142379262
2022-12-07,17.5941104888916,14.346306800842285,5.234000205993652,63.00457763671875,34.099365234375,109361.0,20590.137681456283,175851.53001470864
2022-12-08,16.977371215820312,14.023726463317871,5.203999996185303,63.776920318603516,34.0444450378418,107245.0,20626.10607570072,175798.82423050888
2022-12-09,16.815763473510742,13.984112739562988,5.224299907684326,65.90081787109375,33.95292282104492,107689.0,20554.380458572414,174891.0717853792
2022-12-12,16.65680503845215,13.53136920928955,5.235000133514404,63.932865142822266,33.01030731201172,105264.0,20890.58243953553,178016.38403235003
2022-12-13,16.02785301208496,13.197471618652344,5.321300029754639,64.20262908935547,32.75404357910156,103892.0,21389.763144945027,181502.31037270278
2022-12-14,16.09697151184082,12.15049934387207,5.292799949645996,64.74658203125,33.916324615478516,103803.0,21146.429856632138,179777.1038396582
2022-12-15,16.186817169189453,12.473081588745117,5.277200222015381,64.9552230834961,33.934635162353516,103738.0,20558.65276491642,175214.75615890324
2022-12-16,16.366519927978516,12.478739738464355,5.311800003051758,63.84494400024414,34.27324676513672,102825.0,20462.966430359986,174866.90450827777
2022-12-19,16.85723304748535,12.665493965148926,5.306509017944336,63.61394500732422,34.9371223449707,104530.0,20258.44675105298,173828.1764408201
2022-12-20,17.03693962097168,13.055986404418945,5.291600227355957,63.89710235595703,35.22123718261719,106979.0,20222.485880977474,173827.68255764619
2022-12-21,17.106050491333008,13.338953018188477,5.198400020599365,64.2622299194336,35.1937370300293,107313.0,20161.68227129965,173504.2967562843
2022-12-22,17.140605926513672,13.576642036437988,5.199900150299072,63.89710235595703,35.68864822387695,107317.0,19876.045776918647,171739.64127767272
2022-12-23,17.4101619720459,14.216141700744629,5.165599822998047,64.32184600830078,35.28538513183594,109698.0,19860.801864576526,171518.2133165896
2022-12-26,17.064579010009766,14.114273071289062,5.164299964904785,64.91050720214844,35.00127410888672,108738.0,19855.804144093534,171475.0529198572
2022-12-27,16.967824935913086,14.21048355102539,5.21750020980835,66.46044158935547,34.836299896240234,108347.0,19979.112678408623,173437.83893724717
2022-12-28,17.313398361206055,14.03504467010498,5.292300224304199,66.31140899658203,35.468685150146484,110237.0,20021.935899544274,173988.13236869127
2022-12-29,17.278844833374023,13.865266799926758,5.2667999267578125,66.22944641113281,35.294551849365234,110031.0,20273.38777637109,174967.31112152338
2022-12-30,17.278844833374023,13.865266799926758,5.284599781036377,66.22944641113281,35.294551849365234,110031.0,20290.22085928917,175169.95009195805
2023-01-02,16.93830680847168,12.97109603881836,5.2855000495910645,66.61692810058594,34.91878890991211,106376.0,20293.677440404892,175199.7915188074
2023-01-03,16.5855770111084,12.642857551574707,5.360130786895752,66.49769592285156,34.04811096191406,104166.0,20497.88997160422,177615.28286561184
2023-01-04,16.63398551940918,13.044668197631836,5.478499889373779,66.61692810058594,34.27722930908203,105334.0,21108.495558257564,182268.42869644426
2023-01-05,17.152719497680664,13.514386177062988,5.430099964141846,67.73465728759766,34.350563049316406,107518.0,20678.364203731762,178813.61604575068
2023-01-06,17.450124740600586,13.435160636901855,5.349800109863281,68.80766296386719,34.85462951660156,108836.0,20837.899829879403,179917.0377291441
2023-01-09,17.57461929321289,13.508731842041016,5.224400043487549,68.88220977783203,34.753814697265625,109227.0,20333.83562443324,175109.60395447537
2023-01-10,17.913524627685547,13.633234024047852,5.253699779510498,69.73168182373047,34.414710998535156,110912.0,20590.56286084652,177071.23094750568
2023-01-11,18.224763870239258,13.740758895874023,5.198299884796143,69.48577117919922,35.37702941894531,111763.0,20635.223764096736,176601.90290375613
2023-01-12,17.96885108947754,13.938836097717285,5.1585001945495605,69.85089874267578,35.294551849365234,111877.0,20547.182816916145,176368.9604485184
2023-01-13,17.878936767578125,13.904882431030273,5.107699871063232,69.91051483154297,35.716148376464844,110916.0,20426.151926289196,175207.43348181993
2023-01-16,17.685279846191406,13.604940414428711,5.080699920654297,68.74061584472656,34.543025970458984,109213.0,20318.176692235284,174281.26472979784
2023-01-17,18.051855087280273,14.44251537322998,5.145999908447266,68.65118408203125,35.11125564575195,111439.0,20537.531103854068,174505.2390359938
2023-01-18,18.37692642211914,14.187848091125488,5.099599838256836,69.55284118652344,34.81797790527344,112452.0,20035.61436834233,169801.17661131918
2023-01-19,18.37692642211914,14.651908874511719,5.185299873352051,69.85089874267578,34.744651794433594,113006.0,20216.706917595584,171345.9454911463
2023-01-20,18.051855087280273,14.92355728149414,5.172999858856201,70.03717803955078,34.213069915771484,112301.0,20550.311524984078,172651.39616816305
2023-01-23,17.498538970947266,15.161246299743652,5.206299781799316,70.26817321777344,34.24974822998047,111709.0,20928.336230931338,175085.56356864795
2023-01-24,17.657617568969727,15.053716659545898,5.205900192260742,71.01334381103516,34.10309600830078,113028.0,20911.840523107443,175615.63373024762
2023-01-25,17.71986961364746,15.246133804321289,5.138400077819824,71.68396759033203,35.48701858520508,114195.0,20636.94501000247,173389.34927906469
2023-01-26,17.616121292114258,14.855640411376953,5.072199821472168,73.02525329589844,35.01960372924805,114109.0,20595.311974367825,172198.19213361666
2023-01-27,17.242633819580078,14.499107360839844,5.062745094299316,71.02823638916016,34.744651794433594,112502.0,20608.207967696246,172022.34834106266
2023-01-30,17.249547958374023,14.572676658630371,5.1072001457214355,70.7748794555664,34.23141098022461,111888.0,20519.555629225215,172199.92616330273
2023-01-31,17.519289016723633,14.753777503967285,5.1149001121521,70.42466735839844,35.047096252441406,113532.0,20851.402296701213,174346.6850236021
2023-02-01,17.289268493652344,14.550041198730469,5.072199821472168,69.64225769042969,35.184566497802734,112303.0,20893.456028473563,172926.3103806451
2023-02-02,17.448450088500977,13.8765869140625,5.053500175476074,66.42317962646484,34.86380386352539,109935.0,21122.416709033772,172091.59887213632
2023-02-03,17.38615608215332,14.029388427734375,5.049200057983398,66.2816162109375,34.744651794433594,108490.0,20885.91495722998,171299.22033745795
2023-02-06,17.393083572387695,14.5896577835083,5.149799823760986,65.45447540283203,34.43304443359375,108456.0,21171.239461795427,174531.9664091114
2023-02-07,16.991647720336914,14.499107360839844,5.145699977874756,65.88666534423828,34.524688720703125,107920.0,21426.694707870483,175760.0862134155
2023-02-08,18.396663665771484,14.742456436157227,5.2093000411987305,66.11022186279297,34.515525817871094,109882.0,21451.167555441614,176850.58814514056
2023-02-09,17.939855575561523,14.674544334411621,5.19950008392334,65.86431884765625,34.80880355834961,107783.0,21221.75959253311,175222.52320125327
2023-02-10,17.85679817199707,15.121628761291504,5.2895002365112305,64.67951965332031,35.37702941894531,108150.0,21636.488930818625,179151.5091960095
2023-02-13,18.486637115478516,15.166902542114258,5.213482856750488,64.6124496459961,35.35871505737305,108846.0,21569.6906920569,178540.56733926386
2023-02-14,18.258230209350586,15.110312461853027,5.158400058746338,64.90306854248047,35.15707778930664,107659.0,21335.812630482484,175846.08995261975
2023-02-15,18.52816390991211,15.132946968078613,5.191500186920166,66.31886291503906,35.6336669921875,109442.0,21532.26668225252,177175.7820100803
2023-02-16,18.666593551635742,15.19520092010498,5.2179999351501465,66.46044158935547,35.54200744628906,109905.0,21343.758656124235,175830.1692678891
2023-02-17,18.604299545288086,14.963171005249023,5.216800212860107,65.59606170654297,36.31187438964844,109303.0,21279.798038783367,176467.09092847817
2023-02-20,18.604299545288086,14.963171005249023,5.165168762207031,65.59606170654297,36.31187438964844,109303.0,21069.18870020099,174720.56978037953
2023-02-21,18.604299545288086,14.963171005249023,5.1666998863220215,65.59606170654297,36.31187438964844,109303.0,20653.05657769495,171170.64807959832
2023-02-22,18.258230209350586,14.578335762023926,5.166500091552734,65.09680938720703,35.39591979980469,107152.0,20619.760442662053,170727.4597031027
2023-02-23,18.32744598388672,15.025423049926758,5.151199817657471,64.7912826538086,36.17019271850586,107720.0,20668.262404516223,170782.41595150717
2023-02-24,17.76683235168457,14.65756607055664,5.136199951171875,63.36804962158203,35.81993103027344,105873.0,20390.9194547832,168554.27253198624
2023-02-27,17.538419723510742,14.79904842376709,5.207799911499023,63.36804962158203,35.76462173461914,105711.0,20738.70906871045,171279.79917756468
2023-02-28,17.600717544555664,14.284052848815918,5.199699878692627,63.57669448852539,36.096458435058594,104932.0,20643.58796560834,169805.03496623598
2023-03-01,17.31511878967285,14.318007469177246,5.235899925231934,66.46788787841797,36.299251556396484,104385.0,20689.082043112023,171014.12479582801
2023-03-02,16.7471866607666,13.94449520111084,5.178299903869629,66.31886291503906,36.096458435058594,103326.0,20616.624827964697,170902.3849765733
2023-03-03,16.767963409423828,14.544382095336914,5.1996002197265625,66.54240417480469,35.801483154296875,103866.0,21035.710074383765,173619.68844938278
2023-03-06,17.14889144897461,14.69152545928955,5.194399833679199,64.1951675415039,36.345333099365234,104700.0,21029.111768851057,173656.2736802809
2023-03-07,17.197376251220703,14.204822540283203,5.152200222015381,63.584136962890625,36.492820739746094,104228.0,20538.577002808917,169283.0653368272
2023-03-08,17.412094116210938,14.3859224319458,5.190000057220459,64.16535949707031,37.01823043823242,106540.0,20718.53217910824,170223.6897673644
2023-03-09,17.079639434814453,14.32366943359375,5.144400119781494,63.323333740234375,36.741703033447266,105071.0,20157.4062290102,165931.90243228525
2023-03-10,16.67099952697754,14.136911392211914,5.163700103759766,63.114688873291016,36.44673538208008,103618.0,19940.093137518503,164771.81460624933
2023-03-13,16.470144271850586,13.689827919006348,5.21560001373291,63.37550354003906,36.67716979980469,103121.0,20110.1019598844,165955.9102807194
2023-03-14,16.41473388671875,13.446476936340332,5.245699882507324,63.95246124267578,37.110408782958984,102932.0,20559.419297422282,168677.58005107753
2023-03-15,16.373184204101562,13.208788871765137,5.251699924468994,62.02579879760742,36.935264587402344,102675.0,20439.248128035688,167395.6785026379
2023-03-16,16.643301010131836,13.163512229919434,5.287099838256836,62.25426483154297,37.14727020263672,103435.0,20938.395902347285,170490.73341988772
2023-03-17,16.165395736694336,13.3049955368042,5.229599952697754,63.00056076049805,36.75091552734375,101982.0,20482.4597969607,166625.41155223176
2023-03-20,16.206947326660156,12.976758003234863,5.2778000831604,63.51839828491211,36.643150329589844,100923.0,20855.59683540126,170180.44741780031
2023-03-21,16.539398193359375,13.242742538452148,5.2357001304626465,62.98533248901367,36.883121490478516,100998.0,20957.827594783623,170477.53562274668
2023-03-22,16.442440032958984,13.20312786102295,5.240900039672852,62.20097351074219,36.47700119018555,100221.0,20633.266075648833,167866.60149416327
2023-03-23,16.03380584716797,12.90318489074707,5.236100196838379,60.60176467895508,36.81850814819336,97926.0,20675.89341585827,168106.30584454536
2023-03-24,16.26637840270996,12.897527694702148,5.2967000007629395,59.90878677368164,37.39076614379883,98829.0,21033.14268430404,170752.5214513531
2023-03-27,16.54659080505371,13.11823844909668,5.245100021362305,59.80978775024414,38.018409729003906,99670.0,20862.542841634247,170109.5039105974
2023-03-28,16.6236515045166,13.350272178649902,5.1971001625061035,60.44186019897461,38.18454360961914,101185.0,20639.088063861476,168356.16193926334
2023-03-29,16.784774780273438,13.525710105895996,5.164400100708008,61.30998611450195,38.51682662963867,101793.0,20801.22267223429,168966.77471758053
2023-03-30,17.247129440307617,13.565322875976562,5.134200096130371,62.30758285522461,38.636817932128906,103713.0,20797.772176517174,168704.84140250087
2023-03-31,17.33119010925293,13.271041870117188,5.092700004577637,61.142452239990234,37.42768096923828,101882.0,20927.48335421132,169455.2558999732
2023-04-03,16.8458251953125,13.859606742858887,5.062300205230713,61.157676696777344,36.541603088378906,101506.0,20879.506632999517,170099.1006311439
2023-04-04,17.18232536315918,13.735103607177734,5.0630998611450195,59.42903518676758,36.578529357910156,101869.0,20761.747785054613,169119.5800021477
2023-04-05,17.168296813964844,13.780377388000488,5.070700168609619,58.553279876708984,35.76628875732422,100978.0,20741.089961454738,169780.82761113346
2023-04-06,17.112224578857422,13.582303047180176,5.033199787139893,58.4466667175293,35.63706970214844,100822.0,20661.385888509685,168538.14978169277
2023-04-07,17.112224578857422,13.582303047180176,5.058300018310547,58.4466667175293,35.63706970214844,100822.0,20764.422839960083,169378.6382779777
2023-04-10,17.294485092163086,13.870924949645996,5.0543999671936035,59.573726654052734,35.43400573730469,101847.0,20769.084758163663,169759.70321689732
2023-04-11,17.855316162109375,14.521745681762695,5.065299987792969,62.71879196166992,36.08011245727539,106214.0,20813.01343504712,170623.56162708998
2023-04-12,17.974491119384766,14.629270553588867,5.004000186920166,61.37852096557617,36.6800537109375,106890.0,20476.118320532027,168367.09228920937
2023-04-13,17.974491119384766,14.731139183044434,4.916900157928467,60.54846954345703,36.33854675292969,106458.0,20386.550829171436,167320.5950496476
2023-04-14,18.23387336730957,14.883938789367676,4.926700115203857,60.015403747558594,35.775516510009766,106279.0,20384.91213824437,166948.4694944769
2023-04-17,18.198823928833008,15.11596965789795,4.908699989318848,59.29956817626953,36.4400749206543,106016.0,20377.5835768017,166832.868569009
2023-04-18,18.184803009033203,15.500802040100098,4.939799785614014,59.80978775024414,36.24624252319336,106163.0,20524.226514136884,167837.74418698065
2023-04-19,17.897377014160156,15.002785682678223,4.984300136566162,58.0659065246582,36.09857177734375,103913.0,20707.374700716464,168952.88013895042
2023-04-20,17.946453094482422,15.104653358459473,5.0742998123168945,56.85509490966797,37.150794982910156,104367.0,20955.792820123024,171443.44507483765
2023-04-21,17.946453094482422,15.104653358459473,5.047699928283691,56.85509490966797,37.150794982910156,104367.0,20864.768706147093,170657.48969956487
2023-04-24,17.785215377807617,15.393274307250977,5.047900199890137,54.79898452758789,37.24309158325195,103947.0,20883.365240137093,170999.63054401428
2023-04-25,17.946453094482422,15.331024169921875,5.033400058746338,53.30640411376953,37.41845703125,103220.0,20494.142091341782,168774.07225418836
2023-04-26,17.764184951782227,15.138607025146484,5.053100109100342,53.51201629638672,37.021568298339844,102312.0,20495.323462163215,168277.68845707364
2023-04-27,18.07965087890625,14.770750999450684,5.043000221252441,54.64668273925781,37.24309158325195,102923.0,20854.571457436774,170585.33315208927
2023-04-28,18.1707820892334,15.108731269836426,4.976200103759766,55.13405990600586,37.95380401611328,104432.0,20748.16671143286,169679.26810754836
2023-05-01,18.1707820892334,15.108731269836426,4.986000061035156,55.13405990600586,37.95380401611328,104432.0,20781.00065868348,169781.77438303828
2023-05-02,17.467628479003906,14.496732711791992,4.9878997802734375,52.95610046386719,37.67689895629883,101927.0,20548.052566498518,168015.06602048874
2023-05-03,17.43956184387207,14.445732116699219,5.038400173187256,52.544883728027344,36.82774353027344,101797.0,20610.835508465767,168354.30394317023
2023-05-04,17.579866409301758,14.675230979919434,4.9944000244140625,50.91522979736328,36.2739372253418,102174.0,20283.357120830566,165453.17688065767
2023-05-05,18.23227310180664,15.299981117248535,4.982600212097168,52.575347900390625,36.20009994506836,105148.0,20609.28012728691,167785.96748052165
2023-05-08,18.48481559753418,15.625106811523438,4.951700210571289,53.28356170654297,36.181640625,106042.0,20490.73025564663,166469.6813154593
2023-05-09,18.597055435180664,15.676107406616211,5.007999897003174,53.83185958862305,36.79082489013672,107114.0,20628.80254448857,168077.53398074023
2023-05-10,18.87064552307129,15.637858390808105,4.985899925231934,52.81903076171875,36.32008743286133,107448.0,20629.859648302663,167183.84639136493
2023-05-11,19.053035736083984,16.21160316467285,4.94290018081665,51.79098892211914,36.29239273071289,108256.0,20417.242924130987,164645.5914975237
2023-05-12,18.877655029296875,16.734352111816406,4.929500102996826,51.84429168701172,35.91396713256836,108464.0,20329.653169884346,164155.4151114989
2023-05-15,18.94780921936035,16.35822868347168,4.920199871063232,52.590576171875,36.587764739990234,109029.0,20351.323265607236,164081.7851079516
2023-05-16,18.884672164916992,16.76622772216797,4.887899875640869,51.50921630859375,36.643150329589844,108194.0,20088.779221562436,161360.03805557638
2023-05-17,19.07408905029297,16.35822868347168,4.9394001960754395,53.21501922607422,36.4216194152832,109460.0,20541.829449905315,165078.55557564832
2023-05-18,19.003929138183594,16.453855514526367,4.937699794769287,53.291175842285156,36.2739372253418,110108.0,20728.709659036715,165590.25669591688
2023-05-19,18.849599838256836,16.42835807800293,4.964399814605713,52.70479965209961,37.040035247802734,110745.0,20810.664637869922,165943.15034508146
2023-05-22,18.4918270111084,16.332731246948242,4.996799945831299,51.85951614379883,37.252323150634766,110213.0,20949.732771328185,166326.3717719093
2023-05-23,18.639144897460938,16.734352111816406,4.966100215911865,50.68677520751953,37.123104095458984,109929.0,20587.36612105649,164156.98388356157
2023-05-24,18.53392219543457,16.989356994628906,4.971199989318848,49.53688430786133,36.75389862060547,108800.0,20457.682209169492,163054.97127465904
2023-05-25,19.116172790527344,16.861854553222656,4.958600044250488,49.38457489013672,36.03395462036133,110054.0,20584.53612637194,162466.7968768049
2023-05-26,18.968856811523438,17.084976196289062,5.035200119018555,50.51163101196289,36.46776580810547,110906.0,21175.283323964104,166631.58871997148
2023-05-29,18.884672164916992,17.014856338500977,4.992800235748291,50.13086700439453,35.88627624511719,110333.0,20996.972726583946,165228.4349735733
2023-05-30,18.618099212646484,16.823606491088867,5.018099784851074,48.95051193237305,35.387855529785156,108967.0,21103.71910519665,165811.9734815061
2023-05-31,18.47078514099121,16.651479721069336,5.034800052642822,48.592594146728516,34.71406555175781,108335.0,21044.608697381802,165686.55716832168
2023-06-01,18.742904663085938,17.186979293823242,5.054800033569336,49.62065124511719,34.3264045715332,110565.0,21336.4121364234,167119.62672547996
2023-06-02,19.016677856445312,17.327228546142578,5.0131001472473145,51.73767852783203,34.76945495605469,112558.0,21467.950265040156,169256.10574374162
2023-06-05,19.058799743652344,17.51210594177246,4.956600189208984,51.31122589111328,34.7325325012207,112696.0,21183.46851625666,166357.67512851954
2023-06-06,19.192169189453125,17.881851196289062,4.925600051879883,51.478755950927734,35.258644104003906,114610.0,21100.532263261266,165368.5558667779
2023-06-07,19.248332977294922,18.404603958129883,4.9120001792907715,52.2935791015625,35.21248245239258,115488.0,20962.059101064457,165362.58197332732
2023-06-08,19.248332977294922,18.404603958129883,4.922399997711182,52.2935791015625,35.21248245239258,115488.0,21136.4418874376,166542.558710061
2023-06-09,19.515087127685547,19.303476333618164,4.922100067138672,52.05751037597656,34.88943862915039,117019.0,21159.418421676382,166744.9072650671
2023-06-12,19.304492950439453,19.64134979248047,4.877900123596191,51.11323165893555,34.84328842163086,117336.0,21164.868040718604,166172.1461714059
2023-06-13,19.522109985351562,19.603023529052734,4.860599994659424,51.65391159057617,34.47407913208008,116743.0,21236.008843463846,166291.4356055688
2023-06-14,19.788860321044922,20.445289611816406,4.861000061035156,52.56011199951172,34.95404052734375,119069.0,21255.159497350454,165173.5160895586
2023-06-15,20.048587799072266,19.96302604675293,4.815000057220459,52.971336364746094,34.926353454589844,119221.0,21310.419100904837,165674.80409775116
2023-06-16,20.111766815185547,20.132837295532227,4.809199810028076,53.055110931396484,34.93558120727539,118758.0,21206.598638864234,164951.32664819248
2023-06-19,20.385541915893555,20.662647247314453,4.807000160217285,52.8494873046875,34.76945495605469,119858.0,21196.899085398763,164875.88059296831
2023-06-20,20.375835418701172,20.76453399658203,4.776899814605713,51.48637771606445,34.104888916015625,119622.0,20964.42779876059,162671.93051434122
2023-06-21,20.574214935302734,21.633970260620117,4.789299964904785,50.968536376953125,33.64338302612305,120420.0,20908.598683162127,162604.01129947975
2023-06-22,20.375835418701172,21.36227035522461,4.76230001449585,50.69438934326172,33.59724426269531,118934.0,20867.875461614924,161664.42198974267
2023-06-23,20.31207275390625,20.48604393005371,4.7697367668151855,50.184173583984375,33.781837463378906,118977.0,20740.38984788116,160870.96143064275
2023-06-26,20.283735275268555,20.94792938232422,4.7855000495910645,50.29078674316406,33.650840759277344,118243.0,20715.56748346961,161341.75086335465
2023-06-27,20.057024002075195,20.784912109375,4.767300128936768,50.89238357543945,33.743289947509766,117523.0,20873.195302428678,161738.9437826071
2023-06-28,19.943666458129883,20.98189353942871,4.810500144958496,49.285587310791016,33.817237854003906,116681.0,21054.885006777477,162848.22658887133
2023-06-29,20.184547424316406,21.076988220214844,4.850500106811523,49.88718032836914,34.057613372802734,118383.0,21324.932405381463,165510.81094935536
2023-06-30,20.134960174560547,20.05811882019043,4.855599880218506,48.90481948852539,34.89887237548828,118087.0,21609.264025911223,167069.54602548108
2023-07-03,20.530284881591797,20.431703567504883,4.784200191497803,50.435482025146484,34.843406677246094,119673.0,21316.433783704415,164664.84478481114
2023-07-04,20.402681350708008,20.4792537689209,4.80649995803833,50.184173583984375,34.38116455078125,119076.0,21415.792397020385,165432.36860261858
2023-07-05,20.57990264892578,20.452083587646484,4.839900016784668,49.742496490478516,34.667747497558594,119549.0,21522.163341874722,165953.59233646095
2023-07-06,20.275074005126953,20.139631271362305,4.8471999168396,49.38457489013672,34.103824615478516,117426.0,21383.857923755422,164427.98418213613
2023-07-07,20.65788459777832,20.037744522094727,4.918700218200684,49.84910202026367,34.20552062988281,118898.0,21637.117285537533,165931.7562371455
2023-07-10,20.523189544677734,20.071704864501953,4.8709001541137695,49.087581634521484,33.54914093017578,117942.0,21478.379310086835,165339.77558051795
2023-07-11,20.161645889282227,19.800006866455078,4.898200035095215,50.70200729370117,33.234825134277344,117220.0,21744.38233978115,167819.29783053696
2023-07-12,20.041128158569336,19.813587188720703,4.851500034332275,51.0599250793457,33.336517333984375,117666.0,21696.68515158631,166636.55630813166
2023-07-13,20.260889053344727,20.12604331970215,4.81689977645874,52.247894287109375,33.336517333984375,119264.0,21724.410855980124,165677.94518782943
2023-07-14,20.048208236694336,19.732084274291992,4.7947998046875,52.247894287109375,33.281044006347656,117711.0,21602.58656144142,165463.89629745483
2023-07-17,20.43811798095703,19.691328048706055,4.788099765777588,51.66913604736328,32.633907318115234,118219.0,21655.569926696364,165598.11371574178
2023-07-18,20.041128158569336,19.5826473236084,4.805799961090088,51.34168243408203,33.2255744934082,117841.0,21890.322612902848,167971.982332211
2023-07-19,19.828454971313477,19.76604652404785,4.809299945831299,51.20460891723633,35.04679870605469,117552.0,21957.917981928913,168619.8798624985
2023-07-20,20.197092056274414,19.786420822143555,4.789899826049805,51.31883239746094,35.27790832519531,118083.0,21721.573585474864,168725.08205772936
2023-07-21,20.558639526367188,20.160005569458008,4.796899795532227,51.63106155395508,35.95277404785156,120217.0,21760.367668949068,168983.705703713
2023-07-24,20.232542037963867,20.581138610839844,4.777400016784668,53.19218063354492,38.54655075073242,121342.0,21759.33786560828,169173.65035920963
2023-07-25,20.275074005126953,21.056610107421875,4.725500106811523,54.837059020996094,37.58148956298828,122008.0,21583.532533267513,167462.60504691303
2023-07-26,20.38849639892578,21.056610107421875,4.748899936676025,54.64668273925781,37.56292724609375,122560.0,21687.03878581524,168681.50081283413
2023-07-27,19.934783935546875,19.96302604675293,4.736199855804443,53.62623977661133,37.44230651855469,119990.0,21490.081327756867,167106.00745613873
2023-07-28,20.232542037963867,20.214345932006836,4.741600036621094,51.5015983581543,37.41446304321289,120187.0,21727.1018431969,168133.76631730795
2023-07-31,20.30342674255371,21.13132667541504,4.723299980163574,52.66672897338867,37.04328536987305,121943.0,21675.03449246753,167958.333247751
2023-08-01,20.3656063079834,20.784912109375,4.724699974060059,51.9356689453125,36.98761749267578,121248.0,21623.676020000596,168344.2713952735
2023-08-02,20.301761627197266,20.737369537353516,4.791999816894531,51.09038162231445,37.14536666870117,120859.0,21628.164708729833,169073.82713332772
2023-08-03,20.14570426940918,21.00227165222168,4.810400009155273,51.410221099853516,37.516536712646484,120586.0,21655.89235488791,169402.5205849111
2023-08-04,19.776840209960938,20.377368927001953,4.916399955749512,51.44829177856445,37.90626525878906,119508.0,22015.785437587183,172396.61799364164
2023-08-07,19.620771408081055,20.506420135498047,4.88539981842041,51.707218170166016,37.98050308227539,119380.0,22074.385669289622,173300.41751739755
2023-08-08,19.578224182128906,20.526798248291016,4.89900016784668,51.37214660644531,37.729957580566406,119090.0,22042.46280110441,173005.68401726335
2023-08-09,19.50728416442871,20.6898136138916,4.898600101470947,50.907615661621094,37.84131622314453,118409.0,21885.5244679912,172055.29179837555
2023-08-10,19.571121215820312,20.805286407470703,4.901700019836426,50.30601501464844,37.34022903442383,118350.0,21904.86448259093,172422.9274938628
2023-08-11,19.60659408569336,20.757741928100586,4.891499996185303,49.88718032836914,36.93193435668945,118065.0,21835.899602599908,172578.9603224434
2023-08-14,19.322853088378906,20.812082290649414,4.910999774932861,48.56018829345703,36.47724914550781,116810.0,22049.014964609174,173395.75761200674
2023-08-15,19.216447830200195,20.961515426635742,4.962100028991699,48.08164596557617,36.51435470581055,116171.0,22021.10455624899,173407.48593346775
2023-08-16,19.2022647857666,21.423398971557617,4.9832000732421875,47.89336395263672,34.89974594116211,115592.0,21947.65796789527,173244.62954944372
2023-08-17,18.975263595581055,21.355478286743164,4.9868998527526855,48.56803512573242,34.25019073486328,114982.0,21794.546958673513,171922.51530023664
2023-08-18,19.124237060546875,21.409818649291992,4.975500106811523,48.026729583740234,33.64702606201172,115409.0,21741.49237737991,171658.03829248995
2023-08-21,19.04620361328125,21.260385513305664,4.966899871826172,48.0894889831543,33.44289016723633,114429.0,21853.2171460744,171177.70442835987
2023-08-22,19.344131469726562,21.58425521850586,4.978700160980225,49.09364700317383,33.84190368652344,116156.0,21844.29491890641,170713.79410576075
2023-08-23,19.585302352905273,22.73362922668457,4.937099933624268,49.45450973510742,33.82333755493164,118135.0,21901.02351942379,170196.5495840963
2023-08-24,19.358325958251953,22.69837188720703,4.855100154876709,48.7955322265625,33.387210845947266,117026.0,21247.423643267015,165556.10842651874
2023-08-25,19.053298950195312,22.543241500854492,4.880300045013428,48.69355392456055,33.73982238769531,115837.0,21501.18652067939,167623.16999060288
2023-08-28,19.698816299438477,22.797094345092773,4.8703999519348145,49.391746520996094,33.9810905456543,117121.0,21591.99309628713,168320.92721386813
2023-08-29,20.01091957092285,22.846452713012695,4.872600078582764,50.96858215332031,33.86046600341797,118404.0,21915.151720428374,169823.13171694428
2023-08-30,19.627866744995117,23.0015811920166,4.85129976272583,50.97643280029297,33.68415451049805,117535.0,21902.98832824966,169263.0046952758
2023-08-31,19.457632064819336,22.522090911865234,4.888400077819824,51.05488204956055,33.29441452026367,115742.0,22035.24625859782,169734.58830986544
2023-09-01,19.62631607055664,23.00863265991211,4.953800201416016,54.043800354003906,33.359375,117893.0,22370.22243230231,172579.05945906043
2023-09-04,19.44886589050293,22.768888473510742,4.97629976272583,54.44389343261719,33.52640151977539,117777.0,22471.825276717776,173362.8926721923
2023-09-05,19.157840728759766,23.53043556213379,4.936200141906738,54.20854949951172,33.32225799560547,117331.0,22197.253269771114,170999.6910596788
2023-09-06,18.97329330444336,23.636205673217773,4.966700077056885,53.3377571105957,32.98819351196289,115985.0,22178.699763090117,171069.0014115069
2023-09-07,18.97329330444336,23.636205673217773,4.9770002365112305,53.3377571105957,32.98819351196289,115985.0,22153.32551319385,171710.14370277897
2023-09-08,19.00168228149414,23.551589965820312,4.976099967956543,52.33360290527344,32.84900665283203,115313.0,22180.91701244004,172056.5676135309
2023-09-11,19.48435401916504,23.53043556213379,4.982999801635742,53.08672332763672,32.73765182495117,116883.0,22361.012095199898,172729.30365520716
2023-09-12,19.59792137145996,23.643259048461914,4.9293999671936035,53.04750061035156,33.08099365234375,117968.0,21994.489232234424,170783.93349698372
2023-09-13,19.697288513183594,23.29068946838379,4.946599960327148,52.843528747558594,34.26875686645508,118176.0,22098.638236924075,171031.32150954008
2023-09-14,19.61922264099121,23.883005142211914,4.91540002822876,55.00873565673828,33.48000717163086,119392.0,22144.36914719292,171582.4064072594
2023-09-15,19.576629638671875,23.89710807800293,4.868199825286865,54.5537223815918,33.498565673828125,118758.0,21665.04619073239,168528.50155252032
2023-09-18,19.526941299438477,24.066341400146484,4.867000102996826,53.910438537597656,33.21090316772461,118288.0,21675.329923054902,168516.47546853684
2023-09-19,19.46909523010254,24.122751235961914,4.853700160980225,54.012428283691406,33.387210845947266,117846.0,21569.601778376382,167538.71393284388
2023-09-20,19.798837661743164,24.179162979125977,4.865799903869629,54.373287200927734,33.21090316772461,118695.0,21420.225287166424,167582.42527121678
2023-09-21,19.347230911254883,23.80544090270996,4.878799915313721,52.95335388183594,32.45926284790039,116145.0,21125.20363330841,166222.77135845274
2023-09-22,19.297054290771484,23.99582290649414,4.934899806976318,53.34560012817383,32.097373962402344,116009.0,21319.0635492804,167608.14668909647
2023-09-25,19.354400634765625,24.150955200195312,4.933899879455566,52.247310638427734,33.58448028564453,115925.0,21400.494404050056,167786.53573620692
2023-09-26,19.067668914794922,23.593894958496094,4.968299865722656,51.431434631347656,33.53800964355469,114193.0,21232.17745775357,167028.67155566812
2023-09-27,19.031824111938477,24.341344833374023,4.986199855804443,51.54126739501953,33.48223876953125,114327.0,21313.55997699406,167288.34909891896
2023-09-28,19.533613204956055,24.291980743408203,5.042200088500977,52.32575988769531,33.826171875,115731.0,21679.948705332354,169752.4217396602
2023-09-29,19.504928588867188,24.42595672607422,5.032800197601318,53.016117095947266,33.714622497558594,116565.0,21580.897904355545,168636.55262112617
2023-10-02,19.323925018310547,24.05928611755371,5.042799949645996,52.553260803222656,33.60307312011719,115057.0,21625.4935655077,168597.70357587188
2023-10-03,19.080047607421875,23.953521728515625,5.061500072479248,52.23162078857422,32.69211959838867,113419.0,21407.36247012159,167041.54322597198
2023-10-04,19.517593383789062,23.0015811920166,5.166299819946289,51.67462921142578,32.682823181152344,113607.0,22027.81085729599,171157.19223607332
2023-10-05,19.826034545898438,23.079143524169922,5.154600143432617,51.69816207885742,32.515499114990234,113284.0,21949.266482735984,170718.14188323915
2023-10-06,20.01253318786621,23.629154205322266,5.164999961853027,52.45127868652344,32.34819412231445,114170.0,22253.40233564377,172550.13974122703
2023-10-09,19.84037208557129,24.644554138183594,5.145699977874756,52.0747184753418,32.39466857910156,115156.0,22310.006370088086,172919.4387213327
2023-10-10,19.818859100341797,24.827884674072266,5.135200023651123,52.38852310180664,32.812957763671875,116737.0,22380.435354639776,173258.05816984735
2023-10-11,20.069913864135742,24.764427185058594,5.051000118255615,52.843528747558594,32.69211959838867,117051.0,22107.975954122376,170748.40789214708
2023-10-12,20.069913864135742,24.764427185058594,5.049600124359131,52.843528747558594,32.69211959838867,117051.0,21963.790506538702,169823.81188233942
2023-10-13,19.86189842224121,25.582382202148438,5.045899868011475,52.23945999145508,32.10650634765625,115754.0,21837.54344670265,169896.90713637695
2023-10-16,19.890588760375977,25.86444091796875,5.0482001304626465,52.79645919799805,32.20875549316406,116534.0,22078.95894500939,171560.7545290254
2023-10-17,19.596498489379883,26.56252670288086,5.037600040435791,53.227928161621094,31.864831924438477,115908.0,22030.43348074006,171266.5551434718
2023-10-18,19.187641143798828,27.161888122558594,5.037399768829346,51.2745361328125,31.87411880493164,114060.0,21734.365534524666,169584.45676449686
2023-10-19,19.410001754760742,27.034969329833984,5.056099891662598,50.537113189697266,31.54878044128418,114004.0,21629.995336532593,168945.39079718292
2023-10-20,19.338266372680664,26.689451217651367,5.062900066375732,49.172096252441406,31.42793846130371,113155.0,21386.50073545985,167720.11443947256
2023-10-23,19.35978889465332,24.926607131958008,5.031300067901611,49.07795715332031,31.511594772338867,112785.0,21217.19383487897,165712.96265557595
2023-10-24,19.35978889465332,25.300329208374023,5.01230001449585,50.19977951049805,32.54338836669922,113762.0,21290.647406642092,166114.53397220932
2023-10-25,19.395652770996094,25.434307098388672,4.991000175476074,50.1527099609375,29.252798080444336,112830.0,20896.169902158435,164882.33086732775
2023-10-26,19.876237869262695,25.17340660095215,4.994699954986572,51.22747039794922,30.35896110534668,114777.0,20664.222397216363,163747.74563637562
2023-10-27,19.582155227661133,24.990066528320312,4.985300064086914,53.00827407836914,29.40152931213379,113301.0,20526.32550908439,161611.41272559017
2023-10-30,19.424345016479492,24.736223220825195,4.952030181884766,53.48680877685547,30.024324417114258,112532.0,20634.217532007024,163065.20842060447
2023-10-31,19.23784828186035,24.496475219726562,5.04610013961792,54.130088806152344,30.684303283691406,113144.0,21162.3337799632,166788.09744094498
2023-11-01,19.50891876220703,24.764427185058594,5.03410005569458,55.165626525878906,30.749380111694336,115053.0,21333.810573769966,167507.55559227616
2023-11-02,19.50891876220703,24.764427185058594,4.953700065612793,55.165626525878906,30.749380111694336,115053.0,21388.986005030107,167628.64352808893
2023-11-03,20.047237396240234,25.060585021972656,4.952899932861328,55.855987548828125,31.167667388916016,118160.0,21586.421119496226,168702.31108894944
2023-11-06,20.233858108520508,25.039426803588867,4.899199962615967,56.09132766723633,30.87021255493164,118487.0,21389.80895709456,167042.43297535926
2023-11-07,20.800891876220703,24.623397827148438,4.884099960327148,54.97734832763672,30.47050666809082,119268.0,21384.445011941716,166804.71993647516
2023-11-08,20.894207000732422,24.094545364379883,4.871500015258789,55.016571044921875,30.163759231567383,119099.0,21350.711790264584,166177.9215419963
2023-11-09,20.98751449584961,24.59519386291504,4.909299850463867,55.283294677734375,30.126575469970703,119012.0,21342.445184337907,166385.70287763327
2023-11-10,21.238731384277344,24.482372283935547,4.933899879455566,56.13055419921875,30.833023071289062,120636.0,21784.35326015018,169149.3906665817
2023-11-13,21.095176696777344,25.16635513305664,4.893379211425781,56.01287841796875,30.414735794067383,120376.0,21587.386104427278,168028.2245747745
2023-11-14,21.4110050201416,25.511871337890625,4.906199932098389,57.746620178222656,31.102598190307617,123328.0,22056.8039929769,170871.65554217435
2023-11-15,21.4110050201416,25.511871337890625,4.864500045776367,57.746620178222656,31.102598190307617,123328.0,21904.25939606689,170214.74720723927
2023-11-16,21.755525588989258,25.06763458251953,4.860899925231934,58.131011962890625,31.12119483947754,124576.0,21914.104618201032,169866.42643406987
2023-11-17,21.856016159057617,25.885597229003906,4.862199783325195,58.24083709716797,30.916688919067383,125062.0,21948.067160890438,169920.66332155466
2023-11-20,22.07134437561035,25.90674591064453,4.819177150726318,59.66861343383789,31.12119483947754,126095.0,21914.629226922523,169399.08427428827
2023-11-21,22.03545379638672,25.6387939453125,4.851799964904785,61.11210632324219,31.28851318359375,125607.0,22018.389798446093,170241.35964200646
2023-11-22,22.171833038330078,25.7642822265625,4.8993000984191895,60.53116989135742,31.697507858276367,126035.0,22324.249388595577,172813.16547466815
2023-11-23,22.14312171936035,25.771608352661133,4.9054999351501465,60.15108871459961,31.66033363342285,126576.0,22352.499689367134,173031.8525094241
2023-11-24,22.021100997924805,25.844890594482422,4.902500152587891,59.64160919189453,31.344284057617188,125542.0,22352.164279684424,173500.20811495185
2023-11-27,21.96367645263672,25.698333740234375,4.900899887084961,59.285770416259766,31.734689712524414,125683.0,22301.202734674327,173165.793007195
2023-11-28,22.17901039123535,26.086700439453125,4.895500183105469,59.4151725769043,31.948490142822266,126538.0,22298.465498331934,173383.83436980844
2023-11-29,22.32973861694336,25.815574645996094,4.869800090789795,59.398990631103516,31.725400924682617,126101.0,22160.415277599357,172539.07166359574
2023-11-30,22.674266815185547,26.313861846923828,4.904099941253662,59.72247314453125,31.78116226196289,127331.0,22400.946753826458,176306.76060207933
2023-12-01,22.62230682373047,26.137996673583984,4.923099994659424,60.83039093017578,32.32959747314453,128103.0,22619.822351536248,178440.22085642815
2023-12-04,22.651037216186523,25.581087112426758,4.902159214019775,59.46369552612305,32.311004638671875,126803.0,22401.78807984502,177479.9360280875
2023-12-05,22.837759017944336,25.46384620666504,4.9430999755859375,58.91377639770508,32.812957763671875,126903.0,22576.028215400875,178567.3047028184
2023-12-06,22.63667106628418,24.54787826538086,4.927700042724609,58.525604248046875,32.8966178894043,125623.0,22417.782142415643,177665.41471150517
2023-12-07,22.888025283813477,24.489255905151367,4.901199817657471,58.71160125732422,32.868736267089844,126010.0,22474.89210603945,177018.49090957828
2023-12-08,23.177562713623047,25.27332305908203,4.910099983215332,58.87334442138672,32.20875549316406,127094.0,22607.91763511952,177980.6712490134
2023-12-11,23.018314361572266,25.17806625366211,4.893286228179932,58.9218635559082,32.41326141357422,126916.0,22618.921705872053,178139.7410777025
2023-12-12,22.902498245239258,24.972888946533203,4.936699867248535,59.0269889831543,32.56198501586914,126403.0,22924.554137741216,180574.31848445907
2023-12-13,23.597393035888672,25.33194923400879,4.9644999504089355,59.03507995605469,33.5194206237793,129465.0,23368.34729586728,184134.48610792123
2023-12-14,23.792829513549805,25.88152313232422,4.918399810791016,59.35856628417969,33.74250793457031,130842.0,23212.632866393775,183202.28527727723
2023-12-15,23.691490173339844,25.94015121459961,4.914599895477295,59.73056411743164,33.49152755737305,130197.0,23192.930392772658,183339.93620467
2023-12-18,23.80730628967285,26.262569427490234,4.919657230377197,60.01360321044922,33.56784439086914,131084.0,23321.930568298092,183532.828723507
2023-12-19,23.821786880493164,26.563007354736328,4.895899772644043,60.43413162231445,33.921783447265625,131851.0,23345.46217262093,183879.82116879523
2023-12-20,23.575674057006836,26.658262252807617,4.866499900817871,60.24003219604492,33.67962646484375,130804.0,22864.520284251776,180459.5493221283
2023-12-21,23.73491859436035,26.665592193603516,4.914599895477295,62.24562454223633,33.89384460449219,132182.0,23328.37705385685,183827.4222794585
2023-12-22,24.111318588256836,26.92206382751465,4.881800174713135,61.77657699584961,34.00560760498047,132753.0,23211.152992610354,182510.8287755698
2023-12-25,24.111318588256836,26.92206382751465,4.86984395980835,61.77657699584961,34.00560760498047,132753.0,23154.305615938734,182063.8340987712
2023-12-26,24.357433319091797,27.354398727416992,4.869743824005127,61.99492263793945,34.201210021972656,133533.0,23251.80932366848,182836.12975696474
2023-12-27,24.523908615112305,27.37638282775879,4.813499927520752,62.593360900878906,34.31298065185547,134194.0,23016.13535948936,181259.65403435566
2023-12-28,24.589059829711914,27.288454055786133,4.826099872589111,62.431617736816406,34.378170013427734,134185.0,23084.92529684794,181992.7163461037
2023-12-29,24.589059829711914,27.288454055786133,4.850200176239014,62.431617736816406,34.378170013427734,134185.0,23134.630685552023,182801.8090033047
2024-01-01,24.589059829711914,27.288454055786133,4.850500106811523,62.431617736816406,34.378170013427734,134185.0,23136.06130341813,182813.11324833333
2024-01-02,24.27595329284668,27.68414878845215,4.852399826049805,62.31031036376953,34.061492919921875,132697.0,23014.10784607753,183008.4489863366
2024-01-03,24.00798225402832,28.54881477355957,4.922500133514404,61.98683166503906,34.322288513183594,132834.0,23159.428141587647,184250.12219473533
2024-01-04,23.848649978637695,28.307008743286133,4.9191999435424805,61.153873443603516,33.86589813232422,131226.0,23064.555255991872,184176.51764558628
2024-01-05,24.406301498413086,28.37295150756836,4.895599842071533,60.36943817138672,33.50265884399414,132023.0,22995.8085495783,183419.0791392848
2024-01-08,24.145580291748047,28.16044807434082,4.8606672286987305,60.06212615966797,33.586483001708984,132427.0,23153.982960465364,183164.58013999835
2024-01-09,24.131093978881836,27.918636322021484,4.86899995803833,59.30195617675781,32.75751876831055,131447.0,23159.398300409317,182710.00322616287
2024-01-10,24.109373092651367,27.66216278076172,4.905099868774414,58.41238021850586,32.89723587036133,130841.0,23463.30092531629,184901.3225756213
2024-01-11,24.152828216552734,27.89665412902832,4.89139986038208,58.71969223022461,32.43153762817383,130649.0,23382.066415014677,184459.67567002214
2024-01-12,24.181793212890625,27.969926834106445,4.869699954986572,57.97568130493164,32.29182815551758,130988.0,23295.817116108723,183066.53529648297
2024-01-15,24.225248336791992,28.270368576049805,4.85290002822876,57.86246109008789,31.96583366394043,131521.0,23215.449121174403,182434.9759780001
2024-01-16,23.88486099243164,27.918636322021484,4.862199783325195,57.110374450683594,31.30453872680664,129294.0,23173.146828367375,181657.23488681763
2024-01-17,23.89934730529785,27.757427215576172,4.924900054931641,56.08332443237305,31.108943939208984,128524.0,23340.135396953672,183534.63436430693
2024-01-18,23.797958374023438,27.647510528564453,4.934000015258789,55.80027770996094,30.866777420043945,127316.0,23589.15774384979,184870.1192279756
2024-01-19,23.855892181396484,27.50094985961914,4.92609977722168,55.072452545166016,31.18345069885254,127636.0,23841.387251433916,186520.8605932817
2024-01-22,23.46480941772461,27.625526428222656,4.904642105102539,54.82984924316406,31.090316772460938,126602.0,23789.62406799663,186385.27049895376
2024-01-23,23.573440551757812,27.969926834106445,4.98829984664917,55.96201705932617,31.453554153442383,128263.0,24266.08392114821,189083.74652505852
2024-01-24,23.46480941772461,27.757427215576172,4.952199935913086,56.528114318847656,31.17414093017578,127816.0,24110.032030763105,187224.8052302301
2024-01-25,23.414119720458984,28.78330421447754,4.932499885559082,55.13714599609375,30.969226837158203,128169.0,24140.444410610944,187677.32397570089
2024-01-26,23.761751174926758,29.281587600708008,4.915800094604492,56.204627990722656,30.894716262817383,128967.0,24043.03184483666,187338.33806313574
2024-01-29,23.638628005981445,29.728578567504883,4.913599967956543,55.93775939941406,30.969226837158203,128503.0,24213.87755381083,188355.23485291377
2024-01-30,23.486541748046875,29.545392990112305,4.950200080871582,55.62236785888672,30.727062225341797,127402.0,24379.587955809664,190420.87411169335
2024-01-31,23.74001693725586,29.867809295654297,4.950300216674805,54.7974967956543,30.12165069580078,127752.0,23987.42176150251,188855.44222363085
2024-02-01,23.687593460083008,30.46135711669922,4.951900005340576,54.54679489135742,30.391759872436523,128481.0,24294.96199705149,190746.39512798376
2024-02-02,23.723819732666016,30.06566047668457,4.914999961853027,53.438880920410156,30.354503631591797,127182.0,24371.56728887139,189986.48204107583
2024-02-05,24.173084259033203,30.19755744934082,4.932938098907471,52.9779167175293,30.978540420532227,127593.0,24382.576053700177,189326.76158404164
2024-02-06,25.209280014038086,30.476009368896484,4.9499430656433105,53.916011810302734,30.95991325378418,130416.0,24523.156337423483,190678.53571743518
2024-02-07,25.028125762939453,30.92300796508789,4.962299823760986,54.02115249633789,31.323165893554688,129608.0,24786.985648435308,191928.65361010283
2024-02-08,24.535383224487305,30.673856735229492,4.969299793243408,53.544010162353516,31.481502532958984,128217.0,24836.113906102255,192442.73434463888
2024-02-09,24.846967697143555,30.263507843017578,4.9918999671936035,53.309486389160156,31.08099365234375,128026.0,25092.333611608716,193045.21506218053
2024-02-12,24.846967697143555,30.263507843017578,4.953100204467773,53.309486389160156,31.08099365234375,128026.0,24873.675956882536,192167.30539336056
2024-02-13,24.846967697143555,30.263507843017578,4.952199935913086,53.309486389160156,31.08099365234375,128026.0,24529.087769676,189534.31009721756
2024-02-14,24.846967697143555,30.036344528198242,4.952000141143799,53.14775085449219,31.230031967163086,127018.0,24763.07152611902,190276.98814209737
2024-02-15,25.057109832763672,30.996280670166016,4.968299865722656,52.9779167175293,30.93197250366211,127804.0,24989.20678658411,192636.49232372642
2024-02-16,25.028125762939453,31.28205680847168,4.972400188446045,54.991580963134766,31.108943939208984,128726.0,24889.69633722515,192073.81620897911
2024-02-19,25.303482055664062,31.435945510864258,4.965099811553955,54.57914352416992,31.192773818969727,129036.0,24853.15379094868,191791.81733594276
2024-02-20,25.85418701171875,31.106197357177734,4.956399917602539,53.38227081298828,31.91926383972168,129916.0,24660.61619237438,191137.61901462823
2024-02-21,25.70925521850586,31.15016746520996,4.926400184631348,53.786617279052734,34.11738204956055,130032.0,24542.33947760891,190219.3377977796
2024-02-22,25.563425064086914,30.91567039489746,4.934899806976318,54.36079788208008,33.03694534301758,130241.0,25103.98230485036,192802.14031342417
2024-02-23,25.63825798034668,30.703170776367188,4.962399959564209,54.49019241333008,33.511962890625,129419.0,25252.659945011605,194186.30909268558
2024-02-26,25.713090896606445,31.28205680847168,4.993500232696533,53.1720085144043,34.345909118652344,129609.0,25314.69816183974,195092.2114369776
2024-02-27,26.02739906311035,31.23809242248535,4.978899955749512,54.5710563659668,34.71218490600586,131689.0,25283.751052485313,194039.73120240495
2024-02-28,26.042369842529297,29.625993728637695,4.932400226593018,53.97262191772461,34.665225982666016,130155.0,25006.084216740914,192112.15276151337
2024-02-29,25.39879035949707,29.413488388061523,4.967299938201904,54.1747932434082,34.458614349365234,129020.0,25314.701753077796,193706.76874165982
2024-03-01,25.509342193603516,29.442798614501953,4.969799995422363,54.085838317871094,35.02212142944336,129180.0,25530.26054874994,194256.45550935343
2024-03-04,25.314664840698242,29.369525909423828,4.952700138092041,53.964534759521484,34.88124084472656,128341.0,25412.057740867604,193104.92713887244
2024-03-05,25.292207717895508,29.281587600708008,4.944900035858154,53.25288009643555,35.153602600097656,128098.0,25113.41608421062,190799.91436835937
2024-03-06,25.56924057006836,29.92643165588379,4.957099914550781,53.980712890625,34.87185287475586,128890.0,25304.804197981954,191646.6915241778
2024-03-07,25.299692153930664,29.596689224243164,4.943600177764893,53.79470443725586,34.65584182739258,128340.0,25495.92513691471,191768.93248011544
2024-03-08,25.531803131103516,26.892751693725586,4.933800220489502,53.38227081298828,34.674617767333984,127071.0,25279.26256263,191050.0233981032
2024-03-11,25.65909194946289,26.123342514038086,4.977540016174316,51.72443389892578,34.900028228759766,126124.0,25474.750858726446,192977.53484121338
2024-03-12,25.7639102935791,26.980688095092773,4.977399826049805,51.402156829833984,35.32265853881836,127668.0,25759.388094975613,194145.91058608145
2024-03-13,26.018484115600586,26.658262252807617,4.968699932098389,51.731658935546875,35.70772171020508,128006.0,25664.87573740189,193994.5429856144
2024-03-14,26.003503799438477,26.54102325439453,4.969200134277344,51.072654724121094,35.49170684814453,127690.0,25593.765810538083,193330.0116725862
2024-03-15,25.86124610900879,26.614301681518555,4.992700099945068,50.48969268798828,35.688934326171875,126742.0,25548.09497431852,193291.23370802216
2024-03-18,25.966064453125,26.628955841064453,4.968047142028809,51.45285415649414,35.688934326171875,126954.0,25582.560925977305,192712.68334705383
2024-03-19,26.003503799438477,26.431108474731445,5.029399871826172,51.87528610229492,36.4027214050293,127529.0,26044.796351484954,196703.6599753052
2024-03-20,26.05592155456543,26.892751693725586,5.03000020980835,52.221683502197266,36.46845245361328,129125.0,26279.84028562205,198746.01668841206
2024-03-21,25.786375045776367,26.159982681274414,4.96619987487793,52.09495544433594,37.0319709777832,128159.0,26030.48456321191,197562.24014825374
2024-03-22,25.42580223083496,26.41645050048828,4.9745001792907715,51.49509811401367,37.3231201171875,127027.0,26037.43022286403,196372.86385500804
2024-03-25,25.42580223083496,26.81947135925293,5.000899791717529,51.385257720947266,36.719058990478516,126931.0,26095.644991121022,196603.5772132203
2024-03-26,25.930997848510742,26.570335388183594,4.9721999168396,50.734703063964844,36.47451400756836,126863.0,25873.240431721322,195319.58863639086
2024-03-27,26.07425880432129,26.782835006713867,4.9756999015808105,51.19938659667969,36.25819778442383,127691.0,26114.912342627533,197834.21681340784
2024-03-28,26.119504928588867,27.37638282775879,4.990300178527832,51.39371109008789,35.92900085449219,128106.0,26220.784230381716,198650.73107586429
2024-03-29,26.119504928588867,27.37638282775879,5.014100074768066,51.39371109008789,35.92900085449219,128106.0,26345.8372175158,199598.14237749204
2024-04-01,25.227523803710938,27.588890075683594,5.013199806213379,51.72320556640625,35.73149490356445,126990.0,26288.06684574159,198356.53258559853
2024-04-02,25.257705688476562,28.299671173095703,5.053599834442139,52.33151626586914,35.900779724121094,127549.0,26308.080850246595,197950.70969318412
2024-04-03,25.069093704223633,28.153120040893555,5.0644001960754395,51.5795783996582,35.63743209838867,127318.0,26393.072164813988,198155.4986531213
2024-04-04,24.737154006958008,27.830699920654297,5.038599967956543,51.00506591796875,35.83494567871094,127428.0,25934.731944245286,194474.74455306306
2024-04-05,24.691892623901367,27.918636322021484,5.057400226593018,50.44744873046875,35.73149490356445,126795.0,26320.42950504832,196753.2959700711
2024-04-08,25.061553955078125,28.307008743286133,5.054900169372559,53.20174026489258,35.92900085449219,128857.0,26297.562783241738,196599.2252565138
2024-04-09,25.325593948364258,28.380279541015625,5.023900032043457,52.84688949584961,36.49333572387695,129890.0,26174.067800927907,195347.68037877977
2024-04-10,24.789966583251953,29.01046371459961,5.007599830627441,52.04426193237305,36.11711120605469,128054.0,25842.42067456199,192599.85956848785
2024-04-11,24.74470329284668,28.797962188720703,5.066199779510498,52.26393127441406,35.96662521362305,127396.0,26339.476922509493,194841.37311705202
2024-04-12,24.488197326660156,28.534164428710938,5.090400218963623,52.06960678100586,35.722076416015625,125946.0,26080.20818121545,193349.88446382247
2024-04-15,24.073272705078125,28.805288314819336,5.117099761962891,52.37376022338867,35.40229034423828,125334.0,25901.837017608806,193094.31920045614
2024-04-16,23.892215728759766,28.937185287475586,5.183700084686279,51.909080505371094,36.465118408203125,124389.0,26184.995254738256,195938.51751042902
2024-04-17,23.907304763793945,29.149696350097656,5.2855000495910645,52.47514724731445,35.947818756103516,124171.0,26544.890997591894,199545.11444449238
2024-04-18,23.93747901916504,29.200990676879883,5.232600212097168,52.66946792602539,36.30522155761719,124196.0,26221.188188039698,197663.45567689463
2024-04-19,23.801685333251953,29.69927215576172,5.241700172424316,53.53124237060547,36.25819778442383,125124.0,26036.73024509428,199113.31123962253
2024-04-22,23.78659439086914,30.410062789916992,5.206200122833252,53.50589370727539,35.99484634399414,125573.0,26086.186843886273,199084.9910135474
2024-04-23,24.141170501708984,30.351442337036133,5.1656999588012695,53.04121017456055,35.73149490356445,125148.0,26192.938917174004,198898.51711096242
2024-04-24,24.035552978515625,30.21221351623535,5.130499839782715,53.700218200683594,35.95721435546875,124741.0,26019.99630120676,197323.753517583
2024-04-25,23.899755477905273,30.937658309936523,5.145500183105469,52.568084716796875,36.371055603027344,124646.0,25976.64563240111,195970.49489364028
2024-04-26,24.299596786499023,31.37458038330078,5.158599853515625,52.568084716796875,36.88835906982422,126526.0,26308.65270742774,197263.10528051853
2024-04-29,24.110992431640625,31.751224517822266,5.115499973297119,53.98747253417969,37.02003860473633,127352.0,26171.767098735087,196364.04157068394
2024-04-30,23.65834617614746,31.65329933166504,5.117000102996826,53.47209930419922,37.1987419128418,125924.0,25767.625948835863,193504.07612929493
2024-05-01,23.65834617614746,31.65329933166504,5.193900108337402,53.47209930419922,37.1987419128418,125924.0,26065.017074782867,196865.89716806263
2024-05-02,24.003801345825195,31.773828506469727,5.194399833679199,54.00436782836914,36.54035568237305,127122.0,26305.48065224942,198559.3627579026
2024-05-03,24.30573272705078,31.369632720947266,5.110300064086914,54.06351089477539,36.465118408203125,128509.0,26204.545765245333,197644.3283856362
2024-05-06,24.456695556640625,31.58196258544922,5.070899963378906,54.224037170410156,36.33344268798828,128466.0,26271.015464767814,197015.97214320302
2024-05-07,24.96244239807129,31.967296600341797,5.074900150299072,54.561988830566406,36.5873908996582,129210.0,26327.060500897933,197333.74564075284
2024-05-08,25.120954513549805,32.454872131347656,5.073299884796143,54.06351089477539,36.76609420776367,129481.0,26318.60521700885,198144.78205836564
2024-05-09,24.366121292114258,32.769432067871094,5.087900161743164,54.50285339355469,36.5873908996582,128188.0,26528.718872833997,200400.99921952933
2024-05-10,24.645410537719727,32.69865798950195,5.1407999992370605,54.31697463989258,36.653228759765625,127600.0,26848.75424367166,203127.6070386041
2024-05-13,24.947341918945312,32.73011016845703,5.123260021209717,54.638023376464844,36.756690979003906,128155.0,26750.69193969015,202017.88756453432
2024-05-14,25.219083786010742,32.14030456542969,5.154200077056885,54.60422897338867,37.25517654418945,128515.0,27042.43936630455,203890.41038884968
2024-05-15,25.15114974975586,30.197898864746094,5.127799987792969,54.44370651245117,37.264583587646484,128028.0,27219.13100444153,204640.2419128418
2024-05-16,25.075668334960938,29.317121505737305,5.133600234985352,54.84080123901367,37.24576950073242,128284.0,27193.194306069054,204673.45292184502
2024-05-17,25.08321189880371,28.8531436920166,5.128600120544434,55.91378402709961,37.283390045166016,128151.0,27198.35126144765,205162.41569486633
2024-05-20,25.007726669311523,28.90032958984375,5.1020002365112305,55.88844299316406,37.48090744018555,127751.0,27082.079917541705,203094.14756318554
2024-05-21,24.879409790039062,28.845279693603516,5.103099822998047,55.7279167175293,37.3962516784668,127412.0,27155.687226459384,203475.83944045007
2024-05-22,24.49444007873535,29.238481521606445,5.1219000816345215,55.28858184814453,36.944793701171875,125650.0,27181.97375178989,203191.09821274504
2024-05-23,24.275537490844727,28.9475154876709,5.151100158691406,54.959083557128906,36.70965576171875,124729.0,27135.170655101538,201229.07583877444
2024-05-24,24.041536331176758,28.79022789001465,5.143099784851074,54.98442840576172,36.0606803894043,124306.0,27282.705395658035,200938.79911961034
2024-05-27,23.958507537841797,29.10479164123535,5.1697998046875,55.1702995300293,36.07008361816406,124496.0,27424.34153062105,201981.95794343948
2024-05-28,23.830184936523438,29.72604751586914,5.1717000007629395,53.97901916503906,35.95721435546875,123780.0,27441.24727406772,200935.33285932988
2024-05-29,23.664113998413086,29.68673324584961,5.161300182342529,53.42985916137695,35.486942291259766,122707.0,27184.311003455427,198408.3225728087
2024-05-30,23.664113998413086,29.68673324584961,5.202099800109863,53.42985916137695,35.486942291259766,122707.0,27235.489359875675,198259.72492837533
2024-05-31,23.422571182250977,30.504587173461914,5.202099800109863,53.396060943603516,35.31764602661133,122098.0,27454.132496835664,201250.0991646424
2024-06-03,23.753114700317383,30.33944320678711,5.2444000244140625,52.27237319946289,35.12013244628906,122032.0,27708.262576840818,202281.91722917557
2024-06-04,23.83619499206543,30.001293182373047,5.249000072479248,51.74010467529297,35.55278015136719,121802.0,27774.243223356083,203195.55909482762
2024-06-05,23.790878295898438,30.040611267089844,5.287700176239014,51.00506591796875,35.3082389831543,121407.0,28310.50423855963,205201.51576592773
2024-06-06,24.09298324584961,30.182167053222656,5.3003997802734375,51.714759826660156,35.562191009521484,122899.0,28372.827800765634,206112.25686192513
2024-06-07,23.753114700317383,29.049745559692383,5.2571001052856445,51.03886413574219,35.59980392456055,120767.0,28109.662924094126,203970.16537833586
2024-06-10,23.56429672241211,29.490131378173828,5.270441055297852,51.59647750854492,35.562191009521484,120760.0,28253.727910706773,204851.70881392062
2024-06-11,23.82863998413086,29.615955352783203,5.352799892425537,51.52043914794922,35.55278015136719,121635.0,28773.011376830982,207407.1956442669
2024-06-12,23.790878295898438,28.971529006958008,5.3649001121521,50.81074523925781,35.806732177734375,119936.0,29083.283302364638,207687.1448002495
2024-06-13,23.54163932800293,28.68035888671875,5.401000022888184,51.39371109008789,36.13592529296875,119568.0,29347.63113022782,208732.99642362446
2024-06-14,23.518980026245117,28.049488067626953,5.361599922180176,51.216285705566406,36.465118408203125,119662.0,29122.066660907585,206899.63809074834
2024-06-17,24.09298324584961,28.15463638305664,5.3572001457214355,51.01351547241211,36.465118408203125,119138.0,29321.188448934117,207742.05134142563
2024-06-18,24.077878952026367,29.036235809326172,5.423999786376953,51.25007629394531,36.54976272583008,119630.0,29761.64838253148,210640.26895397902
2024-06-19,24.266695022583008,29.060497283935547,5.439899921417236,51.410606384277344,37.44328689575195,120261.0,29848.89289708552,211257.74846231192
2024-06-20,24.10053825378418,29.52152442932129,5.422399997711182,51.87528610229492,38.355621337890625,120446.0,29677.71657184791,212204.33185417764
2024-06-21,24.26877784729004,29.675193786621094,5.452400207519531,51.39371109008789,38.637779235839844,121341.0,29795.29586096853,213463.25719320774
2024-06-24,24.618955612182617,29.974458694458008,5.426126003265381,51.45285415649414,38.440269470214844,122637.0,29560.82970528351,213850.19648814574
2024-06-25,24.695079803466797,29.95018768310547,5.3892998695373535,51.241634368896484,39.098655700683594,122331.0,29475.696723863017,210787.1596274022
2024-06-26,24.649402618408203,29.998720169067383,5.450699806213379,51.87528610229492,39.4560661315918,122641.0,29858.387936161365,213273.89613591507
2024-06-27,24.695079803466797,30.500179290771484,5.522500038146973,52.01047134399414,39.220924377441406,124308.0,30279.150431322865,216283.51507797465
2024-06-28,24.672243118286133,30.77517318725586,5.500500202178955,52.568084716796875,39.68179702758789,123907.0,30035.371236562496,215173.2939011976
2024-07-01,24.556201934814453,31.244281768798828,5.591899871826172,53.345367431640625,39.53369140625,124718.0,30616.1541955024,219032.0312462896
2024-07-02,24.876096725463867,31.1472225189209,5.65500020980835,53.167945861816406,39.5901985168457,124787.0,31153.451380445622,222421.62883808836
2024-07-03,25.028438568115234,30.60531997680664,5.67549991607666,54.224037170410156,39.66556167602539,125662.0,31425.356656164397,223092.55070114136
2024-07-04,25.0665225982666,30.184741973876953,5.5553998947143555,53.95368194580078,39.458335876464844,126164.0,30760.360433535185,218371.65906143188
2024-07-05,25.081754684448242,30.34650421142578,5.486400127410889,53.734012603759766,39.74091339111328,126267.0,30543.831603851868,216031.78418566473
2024-07-08,25.03605079650879,31.090612411499023,5.471290111541748,53.31157302856445,41.88856887817383,126548.0,30490.679632411106,215266.75533835217
2024-07-09,25.21123504638672,31.08251953125,5.470399856567383,53.243980407714844,41.963924407958984,127108.0,30508.310485235415,214942.7802142501
2024-07-10,25.477821350097656,30.791349411010742,5.417099952697754,52.52583694458008,41.492950439453125,127218.0,30519.45444092527,215174.57399140298
2024-07-11,25.630151748657227,31.00164031982422,5.414700031280518,52.390655517578125,42.350120544433594,128294.0,30238.60912419902,215254.63136851788
2024-07-12,25.485437393188477,30.856054306030273,5.438000202178955,53.15949249267578,43.21670913696289,128897.0,30536.274966360303,217524.89379046485
2024-07-15,25.58445167541504,31.13913917541504,5.422800064086914,53.2186393737793,43.81014633178711,129321.0,30536.981341942213,218060.11101454496
2024-07-16,25.736783981323242,31.058259963989258,5.446800231933594,52.66101837158203,43.970279693603516,129110.0,30868.107338242233,223070.87371590734
2024-07-17,26.018604278564453,31.220016479492188,5.424300193786621,52.17099380493164,44.31879425048828,129450.0,30312.454149875324,223470.74315707386
2024-07-18,25.89673614501953,31.163400650024414,5.48769998550415,51.680965423583984,44.64848327636719,127652.0,30427.045605173334,223157.42709216662
2024-07-19,26.09477424621582,31.29281234741211,5.5432000160217285,51.63872146606445,44.54486846923828,127616.0,30515.316088199615,223321.8438704759
2024-07-22,26.079532623291016,30.670026779174805,5.520872116088867,51.5795783996582,44.43183135986328,127860.0,30720.39687412232,223128.48351918906
2024-07-23,26.04145622253418,30.273714065551758,5.570700168609619,50.886783599853516,44.31879425048828,126590.0,30949.363060384057,224822.81789734028
2024-07-24,26.003372192382812,30.516355514526367,5.585299968719482,51.19938659667969,43.942020416259766,126423.0,30312.148364709225,222595.82497327216
2024-07-25,25.889123916625977,30.47591209411621,5.653600215911865,51.174034118652344,43.28265380859375,125954.0,30525.032572396332,225776.92214120552
2024-07-26,26.079532623291016,30.443559646606445,5.643099784851074,51.93442916870117,44.19633865356445,127492.0,30806.246586564463,229049.69493951276
2024-07-29,26.26995277404785,29.82886505126953,5.622840881347656,52.02737045288086,43.781883239746094,126954.0,30720.616288520396,227949.57397383451
2024-07-30,26.170940399169922,29.642839431762695,5.614500045776367,50.878334045410156,43.197879791259766,126139.0,30522.89229988586,228753.41762289405
2024-07-31,25.805335998535156,30.257539749145508,5.611100196838379,52.06960678100586,47.719242095947266,127652.0,30986.177521082573,229172.98174802214
2024-08-01,25.430131912231445,29.7965145111084,5.656599998474121,50.90367889404297,49.7726936340332,127395.0,30809.691074013244,228232.3199696839
2024-08-02,25.110063552856445,28.89873695373535,5.7505998611450195,50.19398498535156,46.928009033203125,125854.0,30745.927530552726,228513.09172212705
2024-08-05,25.110063552856445,28.874473571777344,5.7266998291015625,49.934593200683594,46.19764709472656,125270.0,29700.55557206273,221642.0070102811
2024-08-06,25.66637420654297,29.375934600830078,5.720900058746338,50.18855667114258,46.30165100097656,126267.0,29977.68670573295,223101.71627886035
2024-08-07,25.734962463378906,29.335494995117188,5.6554999351501465,50.092227935791016,45.68706512451172,127514.0,29405.771912813187,219226.68454283662
2024-08-08,25.643510818481445,29.804607391357422,5.635799884796143,49.78571701049805,46.982421875,128661.0,29978.56701541762,222312.51411108114
2024-08-09,26.336992263793945,29.529605865478516,5.54610013961792,49.96961975097656,46.99187469482422,130615.0,29639.24738871865,219057.3069090955
2024-08-12,26.37509536743164,30.200918197631836,5.50629997253418,49.71565628051758,47.823917388916016,131116.0,29427.815263026394,216711.5125459805
2024-08-13,27.12191390991211,30.014890670776367,5.4918999671936035,49.49672317504883,48.34395217895508,132398.0,29845.346904088976,218388.92044387013
2024-08-14,27.79253387451172,30.54061508178711,5.455699920654297,49.04133987426758,48.73161315917969,133318.0,29761.98855103925,218273.77355831861
2024-08-15,28.23453712463379,31.009727478027344,5.468900203704834,49.242759704589844,49.82840347290039,134153.0,30315.318162139738,221835.3194062505
2024-08-16,27.998289108276367,31.13913917541504,5.484899997711182,49.11140060424805,50.34843444824219,133953.0,30464.50581228733,223014.72695810907
2024-08-19,28.16595458984375,31.090612411499023,5.47130012512207,49.89956283569336,48.967994689941406,135778.0,30684.41892671585,223757.19654518366
2024-08-20,28.37171173095703,30.96929168701172,5.405600070953369,50.092227935791016,50.216068267822266,136087.0,30255.79290260328,220737.5099723786
2024-08-21,28.25739860534668,30.783266067504883,5.478099822998047,51.05553436279297,50.51862335205078,136464.0,30791.577925069258,224002.17661581933
2024-08-22,27.998289108276367,30.877422332763672,5.482500076293945,51.12559509277344,51.24666976928711,135173.0,30541.03497456666,223207.8263092637
2024-08-23,27.78491973876953,30.686105728149414,5.59089994430542,50.26736831665039,50.8779182434082,135608.0,31502.53997080191,230205.7419958338
2024-08-26,27.84588050842285,32.91539764404297,5.485400199890137,50.83660125732422,51.133216857910156,136889.0,30810.614401657134,226220.75408029184
2024-08-27,27.876367568969727,32.47453689575195,5.495699882507324,52.369140625,51.05756759643555,136776.0,30917.70732563082,226700.36800336838
2024-08-28,28.47840118408203,32.94035720825195,5.507900238037109,51.992576599121094,51.05756759643555,137344.0,30801.17052133195,226327.45232659578
2024-08-29,28.16595458984375,32.71576690673828,5.56220006942749,51.931278228759766,50.62263870239258,136041.0,31103.600082962308,229913.82232525758
2024-08-30,27.96780776977539,32.7490348815918,5.627699851989746,52.176483154296875,51.19939041137695,136004.0,31787.499294398818,233904.52861230075
2024-09-02,27.744916915893555,32.441261291503906,5.6092000007629395,51.44086456298828,49.49747848510742,134981.0,31683.00473653595,233135.6178504601
2024-09-03,28.194751739501953,32.05030059814453,5.615099906921387,49.52299499511719,49.92295837402344,134353.0,31045.495315404143,229864.9500779286
2024-09-04,28.39297866821289,32.058624267578125,5.647500038146973,49.908321380615234,50.48080825805664,136111.0,31174.594542849343,231406.137578696
2024-09-05,28.575969696044922,31.85898208618164,5.642000198364258,50.26736831665039,51.04811477661133,136502.0,31050.24119324237,229943.9495844841
2024-09-06,28.171878814697266,31.235111236572266,5.567500114440918,49.6368408203125,49.998600006103516,134572.0,30111.378533983603,224623.07566208765
2024-09-09,28.44635772705078,31.57615852355957,5.59660005569458,49.6368408203125,49.5920295715332,134737.0,30619.277641621884,228506.8847935181
2024-09-10,28.44635772705078,31.052114486694336,5.5843000411987305,49.04133987426758,50.0080451965332,134320.0,30688.632671476807,227487.41264159232
2024-09-11,28.499731063842773,31.01883888244629,5.662899971008301,50.43376541137695,50.584815979003906,134677.0,31452.481952355243,231395.78168331832
2024-09-12,28.187122344970703,30.66946792602539,5.667399883270264,50.88914489746094,50.405174255371094,134029.0,31713.408242511563,232911.82684419118
2024-09-13,28.21762466430664,30.528060913085938,5.625699996948242,51.23068618774414,50.698272705078125,134882.0,31650.300806707703,232868.9950518012
2024-09-16,28.21000099182129,30.95229148864746,5.612370014190674,51.23068618774414,50.112060546875,135118.0,31614.984526304528,233598.50319705158
2024-09-17,28.141386032104492,30.810880661010742,5.503900051116943,50.98548126220703,50.41462707519531,134960.0,31012.1655800147,228996.25450881198
2024-09-18,27.98126983642578,30.070554733276367,5.4816999435424805,50.389976501464844,50.67936325073242,133748.0,30797.614240033552,227507.54949199408
2024-09-19,27.905031204223633,30.170372009277344,5.460999965667725,50.99423599243164,50.35789108276367,133123.0,31202.188590458827,229499.5688267108
2024-09-20,27.600055694580078,30.16205596923828,5.423900127410889,50.22358322143555,49.65821075439453,131065.0,30930.06061221147,228147.4602733925
2024-09-23,27.438735961914062,30.469829559326172,5.513599872589111,50.38121795654297,51.360130310058594,130568.0,31529.905854204437,232258.4562578611
2024-09-24,27.43105125427246,30.594602584838867,5.536099910736084,52.842044830322266,52.371826171875,132156.0,31738.07423439878,233668.9160542041
2024-09-25,27.776729583740234,30.819198608398438,5.449699878692627,53.0784912109375,52.646034240722656,131586.0,31184.598350574262,228422.8079904318
2024-09-26,28.130083084106445,30.15373420715332,5.473800182342529,56.266178131103516,52.99586486816406,133010.0,31449.007995086256,230858.12138719112
2024-09-27,28.237628936767578,30.037282943725586,5.436699867248535,56.01221466064453,52.97695541381836,132730.0,31196.70765250735,230043.08148288727
2024-09-30,27.738323211669922,29.9540958404541,5.433199882507324,55.61812973022461,51.49069595336914,131816.0,31308.70555283362,229988.1575171426
2024-10-01,27.283077239990234,30.752656936645508,5.448500156402588,55.889610290527344,52.90127944946289,132495.0,31104.125267863274,229692.250827834
2024-10-02,27.452157974243164,31.176881790161133,5.423999786376953,56.19612121582031,52.39952850341797,133515.0,30968.54395218566,228873.91292335093
2024-10-03,26.77584457397461,31.559526443481445,5.440299987792969,55.11895751953125,51.689510345458984,131672.0,31009.383193653077,228555.65171411633
2024-10-04,26.829641342163086,31.476337432861328,5.47629976272583,54.716121673583984,51.5948371887207,131792.0,31494.582313788822,231936.3547757864
2024-10-07,27.00640106201172,31.91720962524414,5.4542999267578125,55.197776794433594,50.55347442626953,132018.0,31067.36480522901,228830.9987846017
2024-10-08,27.167800903320312,31.27669906616211,5.494200229644775,53.525115966796875,51.41497039794922,131512.0,31597.859122865368,231197.98452681862
2024-10-09,26.668245315551758,30.96061134338379,5.5346999168396,53.3849983215332,51.121490478515625,129962.0,32057.20352253085,235291.16286468506
2024-10-10,26.81427001953125,31.318296432495117,5.596099853515625,53.63896560668945,51.291893005371094,130353.0,32345.735865324736,237577.50083386898
2024-10-11,26.614450454711914,31.293338775634766,5.581699848175049,54.409610748291016,51.28242874145508,129992.0,32457.750868940027,239253.19736563414
2024-10-14,26.78352928161621,31.36820411682129,5.610599994659424,54.234466552734375,52.106056213378906,131005.0,32877.27492661518,241621.71608875692
2024-10-15,27.090946197509766,31.110336303710938,5.594699859619141,53.568904876708984,53.51662826538086,131043.0,32534.632994391024,239119.83226412535
2024-10-16,26.929550170898438,30.95229148864746,5.6519999504089355,54.59352111816406,54.141448974609375,131750.0,33021.64136456256,243475.15384810604
2024-10-17,26.983346939086914,30.71938133239746,5.668000221252441,53.2098503112793,53.22315216064453,130793.0,33109.45447017392,245078.94939487055
2024-10-18,27.11400032043457,30.636199951171875,5.651800155639648,53.02594757080078,52.276451110839844,130499.0,33145.94237722829,244586.7957565412
2024-10-21,26.97566032409668,30.15373420715332,5.635900020599365,52.83328628540039,52.106056213378906,130362.0,32992.4458925121,241958.2141304575
2024-10-22,27.02177619934082,30.037282943725586,5.6880998611450195,52.90334701538086,52.96753692626953,129721.0,33282.21101848874,244161.06440372765
2024-10-23,27.19085121154785,29.66295623779297,5.689300060272217,51.975059509277344,53.20421600341797,129233.0,32983.26151094679,241880.3031527046
2024-10-24,27.436786651611328,29.86259651184082,5.686500072479248,52.28157043457031,53.270484924316406,130067.0,33037.7685336431,240961.7976571992
2024-10-25,27.12936782836914,30.070554733276367,5.664000034332275,54.05931854248047,52.51313400268555,129893.0,32897.19254315598,238535.95419588313
2024-10-28,27.459840774536133,30.02064323425293,5.685812950134277,55.06642150878906,53.261016845703125,131213.0,33111.445542417,241007.79620753974
2024-10-29,27.167800903320312,29.9540958404541,5.71019983291626,54.873756408691406,53.90476989746094,130730.0,33307.13836330455,241159.15951463766
2024-10-30,27.090946197509766,29.821001052856445,5.760000228881836,54.70736312866211,51.121490478515625,130639.0,33486.740080643445,242735.27464543283
2024-10-31,26.9141788482666,29.870914459228516,5.76230001449585,54.34831237792969,51.22562026977539,129713.0,32876.51574315457,240653.5915655531
2024-11-01,26.766277313232422,29.463315963745117,5.789400100708008,54.32203674316406,51.784175872802734,128121.0,33166.31416619383,243456.96116233617
2024-11-04,27.127674102783203,29.529865264892578,5.677525997161865,54.882511138916016,53.19475173950195,130515.0,32433.945656059077,237289.93691211566
2024-11-05,27.94272804260254,29.438365936279297,5.790599822998047,54.40085983276367,53.02434539794922,130661.0,33485.64767526835,244490.00452117622
2024-11-06,27.812015533447266,29.446683883666992,5.739799976348877,53.787837982177734,53.10008239746094,130341.0,34031.50387598248,251001.04938605055
2024-11-07,27.404483795166016,29.538183212280273,5.674799919128418,55.661922454833984,52.79713439941406,129682.0,33896.14795112563,248155.2542088516
2024-11-08,26.97389030456543,30.095510482788086,5.690999984741211,53.096012115478516,52.15338134765625,127830.0,34120.61827082001,250341.33163737506
2024-11-11,27.00464630126953,30.15373420715332,5.736400127410889,51.36204528808594,52.532066345214844,127874.0,34426.14546483266,254083.11030123942
2024-11-12,26.68169403076172,30.71938133239746,5.75540018081665,50.19731521606445,52.46579360961914,127698.0,34440.258476926945,252725.26492968015
2024-11-13,26.543291091918945,30.677783966064453,5.748199939727783,50.057193756103516,51.784175872802734,127734.0,34405.1602816307,252680.4731919486
2024-11-14,26.466394424438477,31.002201080322266,5.8059000968933105,49.77695846557617,51.45283126831055,127792.0,34540.28622584883,254013.1186844781
2024-11-15,26.466394424438477,31.002201080322266,5.788300037384033,49.77695846557617,51.45283126831055,127792.0,33980.91064378386,251472.62729250826
2024-11-18,26.37412452697754,31.775798797607422,5.794600009918213,50.39873123168945,51.121490478515625,127768.0,34151.17118950887,251425.3856444098
2024-11-19,26.61249351501465,31.443063735961914,5.746399879455566,50.512577056884766,51.24456024169922,128197.0,34001.333046506625,248640.63968104497
2024-11-20,26.61249351501465,31.443063735961914,5.7718000411987305,50.512577056884766,51.24456024169922,128197.0,34152.37495266413,250545.0017196238
2024-11-21,26.151140213012695,31.534568786621094,5.770699977874756,50.46003341674805,50.865882873535156,126922.0,34328.22043996537,253162.6367910765
2024-11-22,26.2280330657959,32.79062271118164,5.8140997886657715,50.9504508972168,51.13095474243164,129126.0,34706.337524021044,257544.33942261524
2024-11-25,26.2203426361084,32.59098815917969,5.799300193786621,50.941688537597656,49.37010955810547,129036.0,34722.55668087769,259440.80088263005
2024-11-26,26.720142364501953,32.54939651489258,5.7972002029418945,50.29364776611328,49.96651840209961,129922.0,34908.5939786816,260064.19008372352
2024-11-27,26.066556930541992,32.43294143676758,5.809599876403809,50.90666580200195,49.332237243652344,127669.0,34850.280524203554,259817.2660787739
2024-11-28,25.128467559814453,32.1002082824707,5.937399864196777,50.38121795654297,50.08959197998047,124610.0,35616.91945292987,265532.74462113157
2024-11-29,25.066951751708984,32.35807800292969,6.013899803161621,51.47589111328125,51.0646858215332,125668.0,36278.12818984222,270088.139798142
2024-12-02,24.71124839782715,32.566036224365234,5.973199844360352,51.59849166870117,50.979488372802734,125236.0,36120.8348555034,267491.83543014526
2024-12-03,24.988208770751953,32.857173919677734,6.05679988861084,51.20441436767578,51.689510345458984,126139.0,36642.91180032771,270772.4566952884
2024-12-04,25.14207649230957,32.64921951293945,6.043099880218506,50.20606994628906,52.068180084228516,126087.0,36781.26840630267,272024.3340667449
2024-12-05,25.68061637878418,32.973628997802734,6.03879976272583,50.61766815185547,52.00191879272461,127858.0,36686.37200091616,270331.1645876281
2024-12-06,25.15746307373047,32.466217041015625,6.010300159454346,49.75069046020508,52.636199951171875,125946.0,36604.35086950869,268314.9422571156
2024-12-09,25.280561447143555,33.30636215209961,6.0883002281188965,52.395416259765625,52.778202056884766,127210.0,36851.56863033003,270332.27864532545
2024-12-10,25.62273597717285,33.43113327026367,6.076600074768066,52.34287643432617,53.84796905517578,128228.0,36671.73550668731,268876.35569269955
2024-12-11,25.87127113342285,33.76386642456055,6.045300006866455,51.52843475341797,55.42894744873047,129593.0,36780.75349456002,266891.28156994097
2024-12-12,25.226625442504883,33.15994644165039,5.952700138092041,50.106380462646484,54.71892547607422,126042.0,36021.27671062946,261407.59469895624
2024-12-13,24.900421142578125,32.95237350463867,5.996099948883057,49.3553581237793,54.58639144897461,124612.0,36282.93950279616,262797.419893628
2024-12-16,24.628578186035156,32.813995361328125,6.040900230407715,49.328857421875,54.06570816040039,123560.0,36692.91174346022,264092.93783651665
2024-12-17,24.760618209838867,33.1253547668457,6.147299766540527,49.57624816894531,54.8135986328125,124698.0,37194.91259997664,267099.5505210534
2024-12-18,24.0538387298584,32.26911544799805,6.1031999588012695,48.42762756347656,54.00890350341797,120772.0,35838.96762369946,258329.35791556165
2024-12-19,24.185869216918945,32.13937759399414,6.288899898529053,47.508731842041016,53.45036315917969,121188.0,36897.47930798214,266286.0980304461
2024-12-20,24.465482711791992,31.87126350402832,6.151599884033203,48.25975036621094,52.57939529418945,122102.0,36484.2167729605,263536.1490210146
2024-12-23,23.991703033447266,31.879913330078125,6.084199905395508,48.46297073364258,51.422550201416016,120767.0,36347.43505933788,261054.4563775286
2024-12-24,23.991703033447266,31.879913330078125,6.193900108337402,48.46297073364258,51.422550201416016,120767.0,37411.40465231147,268177.4865500629
2024-12-25,23.991703033447266,31.879913330078125,6.175600051879883,48.46297073364258,51.422550201416016,120767.0,37300.871578590944,267385.1484337449
2024-12-26,24.14703941345215,32.119564056396484,6.182799816131592,48.60433578491211,51.82073211669922,121078.0,37329.209375815466,267874.7531040665
2024-12-27,23.906269073486328,32.020790100097656,6.148499965667725,48.365779876708984,50.89163589477539,120269.0,36711.70857430436,264337.6074731983
2024-12-30,23.867433547973633,32.496700286865234,6.193699836730957,48.19790267944336,50.02890396118164,120283.0,36585.81295066746,263688.90745332465
2024-12-31,23.867433547973633,32.496700286865234,6.1778998374938965,48.19790267944336,50.02890396118164,120283.0,36336.12029722659,262833.9221019298
2025-01-02,23.756805419921875,33.017513275146484,6.300000190734863,47.93283462524414,49.981502532958984,120125.0,36971.864888868295,267071.30613255873
2025-01-03,23.173965454101562,32.66731262207031,6.151000022888184,47.04044723510742,49.73501205444336,118533.0,36552.134427516256,262845.32588040456
2025-01-06,24.215314865112305,32.5146598815918,6.180699825286865,46.439632415771484,49.74448776245117,120022.0,36932.02939772187,263956.4192389939
2025-01-07,24.47953987121582,33.20608139038086,6.115499973297119,45.989017486572266,50.73994827270508,121163.0,36136.67149333493,260082.1806221828
2025-01-08,24.083208084106445,32.93669891357422,6.100900173187256,45.547237396240234,50.44605255126953,119625.0,36106.65244996548,260113.09429754503
2025-01-09,24.145374298095703,33.08036422729492,6.105800151824951,45.26449966430664,51.46995162963867,119781.0,36135.65174853802,260322.0058629308
2025-01-10,23.81121063232422,33.170162200927734,6.034599781036377,45.52073287963867,50.57878112792969,118856.0,35163.854543816764,253081.75647247396
2025-01-13,23.982175827026367,33.286895751953125,6.105899810791016,45.511898040771484,50.483970642089844,119007.0,35635.375905549154,258261.9836833328
2025-01-14,23.99772071838379,33.062408447265625,6.093400001525879,45.81230163574219,50.18059539794922,119299.0,35603.18875500932,259080.89503362775
2025-01-15,25.039072036743164,33.48444366455078,6.054800033569336,46.47496795654297,51.34669876098633,122650.0,36025.51621379703,261697.84712123126
2025-01-16,24.96135711669922,33.26893615722656,6.012199878692627,46.53681945800781,50.88215255737305,121234.0,35696.47388835065,259445.23637536354
2025-01-17,25.140098571777344,33.403629302978516,6.049900054931641,48.14488983154297,51.35618209838867,122350.0,36279.194608703256,263097.01376229525
2025-01-20,25.38100814819336,33.48444366455078,6.066163063049316,47.968177795410156,52.26632308959961,122543.0,36376.71834150329,263804.2566641122
2025-01-21,25.435405731201172,33.49342346191406,6.029799938201904,47.729618072509766,52.7403450012207,123338.0,36475.70839140285,265466.8179378826
2025-01-22,25.342147827148438,33.30485534667969,6.020500183105469,46.527984619140625,53.50826644897461,122972.0,36642.992404975,265845.6038724482
2025-01-23,25.28775405883789,33.07139205932617,5.940299987792969,46.22757339477539,54.27619552612305,122483.0,36346.97270626575,264729.88663333654
2025-01-24,25.225582122802734,32.90077590942383,5.923999786376953,46.85490036010742,54.86398696899414,122447.0,36143.74584507197,263169.24750995636
2025-01-27,25.83173942565918,33.38566970825195,5.90910005569458,47.676605224609375,50.54085922241211,124862.0,35527.162813318195,264217.00698874146
2025-01-28,25.87837028503418,33.34077453613281,5.892600059509277,46.51914978027344,51.28034210205078,124056.0,35754.53053198289,264285.1842861995
2025-01-29,25.81619644165039,33.134246826171875,5.856100082397461,46.65167999267578,51.60267639160156,123432.0,35366.804131754674,261846.8454112336
2025-01-30,26.44567108154297,33.57423782348633,5.8566999435424805,48.62200927734375,53.290218353271484,126913.0,35557.02053868212,262861.1618313007
2025-01-31,26.274702072143555,33.84362030029297,5.874499797821045,47.86214828491211,52.180992126464844,126135.0,35485.09100163239,261677.59708189778
2025-02-03,26.031843185424805,33.673011779785156,5.84060001373291,47.897491455078125,51.10021209716797,125970.0,35011.88459765492,259450.60906863585
2025-02-04,26.125144958496094,33.34077453613281,5.80620002746582,47.729618072509766,51.25189971923828,125147.0,35057.13834142126,258701.27522845566
2025-02-05,26.52168846130371,33.09832763671875,5.7571001052856445,47.9858512878418,51.64059829711914,125534.0,34896.54703374347,258339.97220888734
2025-02-06,26.56833839416504,33.03547286987305,5.8028998374938965,48.710365295410156,51.69748306274414,126225.0,35302.34634434176,259666.0085083153
2025-02-07,26.37395668029785,32.846900939941406,5.760499954223633,48.44529724121094,51.138126373291016,124619.0,34712.716469269246,255209.72467117012
2025-02-10,26.66164207458496,33.07139205932617,5.803199768066406,48.94892501831055,51.394107818603516,125572.0,35204.76286095753,258070.67390456796
2025-02-11,26.941556930541992,33.07139205932617,5.786900043487549,48.73686981201172,50.35124588012695,126522.0,35117.80291390419,258058.9860822372
2025-02-12,26.19512367248535,32.5775146484375,5.764500141143799,48.40995407104492,49.96254348754883,124380.0,34886.58315766486,255762.56227601878
2025-02-13,26.335081100463867,32.613433837890625,5.764400005340576,48.4718017578125,49.74448776245117,124850.0,35249.70852738456,257734.5655294098
2025-02-14,27.03486442565918,33.61913299560547,5.766900062561035,49.18748092651367,51.005401611328125,128219.0,35262.45945372898,256892.78072591126
2025-02-17,27.08928680419922,33.825660705566406,5.701200008392334,48.92241287231445,49.72552490234375,128869.0,34860.72793920664,253966.10098009557
2025-02-18,27.043973922729492,34.445247650146484,5.712100028991699,49.249332427978516,50.14267349243164,128532.0,35012.774541964754,254510.27011324838
2025-02-19,26.791454315185547,34.51708221435547,5.688600063323975,49.20515060424805,49.497989654541016,127309.0,34951.61152354465,253868.51041115262
2025-02-20,26.718143463134766,34.570960998535156,5.720300197601318,51.01644515991211,49.39370346069336,127601.0,34994.05097655463,252703.69078639522
2025-02-21,26.636682510375977,34.47218322753906,5.701300144195557,51.38753128051758,50.19955825805664,127128.0,34282.65826794552,247596.17401564308
2025-02-24,26.490060806274414,34.22974395751953,5.730999946594238,50.91925048828125,48.872276306152344,125401.0,34290.005430459976,249076.19756173342
2025-02-25,26.758869171142578,34.07708740234375,5.7778000831604,50.42445755004883,49.678123474121094,125980.0,34408.243945240974,252034.3427783344
2025-02-26,26.693706512451172,34.07708740234375,5.740300178527832,50.11521530151367,45.36447525024414,124769.0,34189.57261766819,249319.15276847407
2025-02-27,26.66926383972168,32.873836517333984,5.801700115203857,49.74412155151367,46.35993194580078,124799.0,34007.070324445376,250862.6121313572
2025-02-28,26.017606735229492,32.26323318481445,5.839000225067139,48.72803497314453,45.90486526489258,122799.0,34768.32684016228,255987.08426949196
2025-03-03,26.017606735229492,32.26323318481445,5.88040018081665,48.72803497314453,45.90486526489258,122799.0,34398.695809094,253981.76539875753
2025-03-04,26.017606735229492,32.26323318481445,6.020500183105469,48.72803497314453,45.90486526489258,122799.0,34787.35254507139,255997.61773309112
2025-03-05,26.406904220581055,31.08692169189453,5.885700225830078,49.116798400878906,45.459007263183594,123047.0,34387.968020711094,253123.89555554092
2025-03-06,26.455806732177734,30.763660430908203,5.740099906921387,49.655765533447266,45.10601806640625,123358.0,32939.67822997784,244408.16238211095
2025-03-07,26.569908142089844,31.09590721130371,5.763000011444092,50.38028335571289,45.68796920776367,125035.0,33253.66379162064,246666.3056460768
2025-03-10,26.806264877319336,31.08692169189453,5.782899856567383,49.56492614746094,45.48762130737305,124519.0,32468.438557530753,242371.22716896236
2025-03-11,26.569908142089844,30.619991302490234,5.85290002822876,49.9780387878418,44.45728302001953,123507.0,32612.767631462542,242506.01900516264
2025-03-12,26.651409149169922,30.619991302490234,5.808599948883057,49.3537712097168,45.029701232910156,123864.0,32524.09255928872,240191.00806907937
2025-03-13,27.083375930786133,30.925294876098633,5.797800064086914,50.03312301635742,44.59084701538086,125637.0,32012.66912309546,236628.92057342827
2025-03-14,27.963607788085938,31.877117156982422,5.798500061035156,51.676414489746094,44.59084701538086,128957.0,32697.39359441772,240569.28040137887
2025-03-17,28.80308723449707,32.469764709472656,5.740600109100342,52.42002487182617,45.459007263183594,130834.0,32578.595163884107,240196.05946415477
2025-03-18,28.95793914794922,32.496700286865234,5.678069114685059,52.80560302734375,45.459007263183594,131475.0,31880.42842265591,236101.54407436028
2025-03-19,29.029664993286133,32.469764709472656,5.672100067138672,52.71379852294922,45.926475524902344,132508.0,32190.813011597842,238027.57443659008
2025-03-20,28.76070213317871,32.54159927368164,5.648099899291992,52.548553466796875,45.697509765625,131955.0,31984.569210902788,236956.54423199594
2025-03-21,28.823463439941406,33.04444885253906,5.673900127410889,52.741336822509766,45.649810791015625,132345.0,32157.16973856394,238220.6915798597
2025-03-24,28.850360870361328,32.999549865722656,5.729599952697754,52.4659309387207,45.258670806884766,131321.0,33045.86779202474,243985.3900482133
2025-03-25,29.083457946777344,33.25995635986328,5.760799884796143,52.64035415649414,44.914649963378906,132068.0,33278.12409192952,245338.06509375572
2025-03-26,28.769668579101562,33.57423782348633,5.698400020599365,52.961666107177734,44.67573928833008,132520.0,32550.401710636448,241924.3708682917
2025-03-27,28.80552864074707,33.825660705566406,5.733500003814697,53.383968353271484,44.33171081542969,133149.0,32642.59324266552,242525.32563206367
2025-03-28,28.411054611206055,33.61015701293945,5.739299774169922,52.842323303222656,43.815673828125,131902.0,32030.687345368788,238662.45891144872
2025-03-31,28.160024642944336,33.367706298828125,5.7581000328063965,52.05281066894531,43.270957946777344,130260.0,32313.594231419032,241850.34553066082
2025-04-01,28.166889190673828,33.49342346191406,5.698400020599365,52.502647399902344,43.33785629272461,131147.0,32099.485202365788,239275.59427121654
2025-04-02,28.175859451293945,33.403629302978516,5.681300163269043,52.26395797729492,42.9078254699707,131190.0,32218.484007485677,239894.7191854939
2025-04-03,28.678203582763672,32.326087951660156,5.663700103759766,50.372798919677734,42.3057746887207,131141.0,30564.270994560793,229639.9861781299
2025-04-04,27.93366241455078,31.02406883239746,5.6305999755859375,48.3622932434082,41.78017807006836,127256.0,28570.115164011717,215735.64626145363
2025-04-07,27.987485885620117,29.793880462646484,5.840030193328857,47.78392791748047,42.04775619506836,125588.0,29563.69284617901,221720.25943289325
2025-04-08,27.996456146240234,28.734304428100586,5.913599967956543,45.16751480102539,42.04775619506836,123932.0,29466.108627834823,222620.95889370516
2025-04-09,28.507766723632812,29.901634216308594,6.013299942016602,47.600318908691406,43.39519500732422,127796.0,32813.97586635407,244190.78533249348
2025-04-10,28.391149520874023,28.042884826660156,5.8180999755859375,48.45409393310547,42.91737747192383,126355.0,30650.040440037847,230359.87318843603
2025-04-11,28.53467559814453,28.599611282348633,5.884300231933594,49.26197052001953,43.118064880371094,127682.0,31559.619687449187,236623.6642962098
2025-04-14,29.00113296508789,28.49185562133789,5.864200115203857,49.904598236083984,43.7869987487793,129454.0,31701.69115667534,237645.47268892452
2025-04-15,29.368919372558594,27.83635711669922,5.8541998863220215,49.39967727661133,43.7869987487793,129245.0,31592.95004648296,236327.96653125063
2025-04-16,29.324068069458008,27.83635711669922,5.8846001625061035,48.25212860107422,43.80611801147461,128317.0,31045.38622666942,233438.5025183931
2025-04-17,29.37788963317871,28.386728286743164,5.8653998374938965,48.545902252197266,43.911231994628906,129650.0,30985.148867114913,229584.8322305549
2025-04-21,29.37788963317871,28.386728286743164,5.8653998374938965,48.545902252197266,43.911231994628906,129650.0,30254.906587346923,223884.71752754413
2025-04-22,29.951993942260742,28.451139450073242,5.80709981918335,49.40885925292969,44.18836975097656,130464.0,30706.54877884593,227562.70719441958
2025-04-23,30.579910278320312,28.12908363342285,5.719900131225586,49.996402740478516,44.217041015625,132216.0,30749.381537432782,226545.62672786415
2025-04-24,31.17195701599121,28.000263214111328,5.703400135040283,50.776737213134766,46.43409729003906,134580.0,31281.838070059428,228668.69406266138
2025-04-25,31.05534553527832,28.083078384399414,5.678699970245361,49.43639373779297,47.67641830444336,134739.0,31376.009640775155,227792.5312564373
2025-04-28,31.387245178222656,27.97265625,5.684700012207031,49.6108283996582,48.087337493896484,135016.0,31429.285192489624,228681.78047582507
2025-04-29,31.638416290283203,28.119882583618164,5.652900218963623,49.42721939086914,48.23068618774414,135093.0,31434.817566252314,229098.59815493412
2025-04-30,31.916500091552734,27.595396041870117,5.619999885559082,48.52754211425781,42.65935516357422,135067.0,31298.11689196853,228561.79503326118
2025-05-01,31.916500091552734,27.595396041870117,5.672900199890137,48.52754211425781,42.65935516357422,135067.0,31791.727701804135,231187.48024845868
2025-05-02,31.833614349365234,28.34992027282715,5.67710018157959,48.47245407104492,42.449119567871094,135134.0,32283.794846059754,234563.1875813082
2025-05-05,31.268203735351562,27.291746139526367,5.666900157928467,48.61934280395508,40.64297866821289,133491.0,32020.138650265988,233582.98361118883
2025-05-06,31.106657028198242,27.742618560791016,5.686299800872803,48.656063079833984,41.044342041015625,133516.0,31882.57210499607,232165.93456983566
2025-05-07,31.447690963745117,27.871442794799805,5.712800025939941,48.56426239013672,40.08871078491211,133398.0,32170.375302715693,234875.88174149394
2025-05-08,31.698997497558594,28.257904052734375,5.74459981918335,48.41737747192383,40.33717727661133,136232.0,32537.068363267696,237645.18590192683
2025-05-09,33.413177490234375,28.441936492919922,5.661600112915039,48.610164642333984,39.935813903808594,136512.0,32044.147979713976,233537.48827330023
2025-05-12,32.74007797241211,29.12285041809082,5.648200035095215,49.831153869628906,40.77676773071289,136563.0,33009.15383215388,239540.73713370413
2025-05-13,33.1439323425293,29.564523696899414,5.6697998046875,50.64820861816406,42.04775619506836,138963.0,33375.55893290043,238927.80001163483
2025-05-14,33.36830139160156,29.362091064453125,5.60046911239624,50.40034103393555,42.11465072631836,138423.0,33001.21271986049,235505.65479786135
2025-05-15,33.817047119140625,29.32528305053711,5.636499881744385,50.9052619934082,42.2102165222168,139334.0,33350.7762360808,238552.17537009716
2025-05-16,34.014488220214844,29.463306427001953,5.681300163269043,50.94198226928711,43.003387451171875,139187.0,33851.34460104164,242334.37156146392
2025-05-19,34.41835403442383,29.42650032043457,5.6586737632751465,50.80427932739258,42.57334899902344,139636.0,33746.06740727252,242146.36555356905
2025-05-20,34.37348175048828,29.54612159729004,5.644499778747559,50.813453674316406,42.55424118041992,140110.0,33530.92493517045,240891.66203607246
2025-05-21,33.68242645263672,29.214866638183594,5.667300224304199,50.16164779663086,41.52215576171875,137881.0,33123.15878914436,237235.6889711134
2025-05-22,33.44907760620117,28.828401565551758,5.644700050354004,49.78525161743164,41.732398986816406,137273.0,32976.39281819202,236282.0065487884
2025-05-23,33.85295104980469,28.892810821533203,5.71619987487793,49.86787414550781,41.75150680541992,137824.0,33170.07795313839,237811.4653148502
2025-05-26,33.92474365234375,28.80079460144043,5.645199775695801,49.583282470703125,41.78973388671875,138136.0,32758.077170082834,234857.64319638163
2025-05-27,34.193992614746094,29.012432098388672,5.666600227355957,49.42721939086914,42.611576080322266,139541.0,33555.000131648965,239944.52786301821
2025-05-28,33.915767669677734,28.9204158782959,5.637400150299072,49.0324592590332,42.678470611572266,138888.0,33196.111553988885,237327.2133031767
2025-05-29,33.64652633666992,28.745586395263672,5.688700199127197,49.069183349609375,42.06686782836914,138534.0,33632.56221184414,240152.6343238782
2025-05-30,33.59267044067383,28.4327335357666,5.66510009765625,47.829830169677734,40.47096633911133,137027.0,33490.31526437402,239464.1794552803
2025-06-02,33.357120513916016,28.598363876342773,5.720799922943115,48.25212860107422,39.99314498901367,136787.0,33958.324759391835,242021.18940569647
2025-06-03,33.249351501464844,28.607051849365234,5.672399997711182,48.22458267211914,39.84980773925781,137546.0,33866.32743906928,241188.40938393027
2025-06-04,33.16856002807617,27.820310592651367,5.637800216674805,48.444915771484375,41.245025634765625,137002.0,33662.23424206395,239199.11207505316
2025-06-05,32.764495849609375,27.829790115356445,5.6321001052856445,48.57344055175781,40.65253448486328,136236.0,33450.73105530348,238349.00242948905
2025-06-06,32.84531021118164,28.123632431030273,5.58459997177124,48.63770294189453,40.68120574951172,136102.0,33509.60952309775,238813.52870301344
2025-06-09,32.674705505371094,27.64969253540039,5.562699794769287,48.92229461669922,40.93922424316406,135699.0,33408.906791530084,237870.84313686378
2025-06-10,32.62405014038086,28.48382568359375,5.557000160217285,49.25279235839844,40.423179626464844,136436.0,33557.66846312722,238211.20953598246
2025-06-11,32.923099517822266,29.43170738220215,5.5721001625061035,48.821311950683594,40.41362380981445,137128.0,33556.52578861173,238852.3613710273
2025-06-12,33.17684555053711,30.095226287841797,5.535799980163574,48.5,40.38495635986328,137800.0,33465.34889063053,237860.15599845722
2025-06-13,32.77810287475586,30.834571838378906,5.537300109863281,47.85737228393555,40.50918960571289,137213.0,33096.27782730386,233661.82201176882
2025-06-16,33.37620544433594,30.53125,5.538899898529053,49.41803741455078,40.65253448486328,139256.0,33416.79160954314,235486.82682150044
2025-06-17,33.57558059692383,31.223201751708984,5.490799903869629,47.19638442993164,39.572669982910156,138840.0,32849.91958054295,231798.5148714669
2025-06-18,33.37620544433594,31.194766998291016,5.493000030517578,47.04031753540039,40.00270080566406,138717.0,32852.91973623261,231648.93052525818
2025-06-19,33.37620544433594,31.194766998291016,5.485199928283691,47.04031753540039,40.00270080566406,138717.0,32806.26833787095,231319.9872646667
2025-06-20,33.20402908325195,31.10945701599121,5.489999771118164,45.8285026550293,39.7924690246582,137116.0,32763.43937625736,231715.43385525048
2025-06-23,33.131526947021484,30.332195281982422,5.518400192260742,46.40686798095703,39.84423828125,136551.0,33249.29885527864,234983.30983680487
2025-06-24,33.75681686401367,29.735031127929688,5.493800163269043,46.39768981933594,39.69099426269531,137165.0,33469.22044437146,236722.46253588423
2025-06-25,33.149658203125,29.5833683013916,5.510300159454346,46.34260559082031,40.054954528808594,135767.0,33569.63108040579,236846.08916076645
2025-06-26,32.904972076416016,29.820337295532227,5.5578999519348145,47.7380256652832,41.252201080322266,137114.0,34131.17487138347,241139.71508218162
2025-06-27,32.86872482299805,29.5833683013916,5.477099895477295,48.53671646118164,40.56258773803711,136866.0,33810.52008900256,240002.5165695008
2025-06-30,33.484962463378906,29.744508743286133,5.478400230407715,48.33475112915039,40.97443771362305,138855.0,33993.200579668395,241568.79555977508
2025-07-01,33.636959075927734,29.848773956298828,5.430200099945068,48.98655700683594,40.70625686645508,139549.0,33656.433248757385,241616.4352712687
2025-07-02,33.364967346191406,30.379587173461914,5.458799839019775,50.76755142211914,40.63920974731445,139051.0,33994.23886703979,242831.55497013777
2025-07-03,34.19001770019531,30.483856201171875,5.426400184631348,50.528865814208984,40.90739440917969,140928.0,34074.266529286746,243257.55025175214
2025-07-04,34.20814895629883,30.445940017700195,5.409299850463867,50.675750732421875,41.18515396118164,141478.0,33966.88754426222,242490.9673871398
2025-07-07,33.75482177734375,30.389068603515625,5.419400215148926,49.93213653564453,40.54343795776367,139490.0,33762.754846525844,240655.83355085552
2025-07-08,33.67322540283203,30.82509422302246,5.48769998550415,50.106571197509766,38.896026611328125,139303.0,34163.78612093744,242780.02744267695
2025-07-09,32.975101470947266,30.635517120361328,5.446100234985352,49.6108283996582,38.41713333129883,137481.0,34110.34048134461,242124.36233181506
2025-07-10,31.959644317626953,30.559688568115234,5.5817999839782715,50.74919128417969,38.21599578857422,136743.0,35056.27130933711,249230.94512524456
2025-07-11,31.69671058654785,30.92936134338379,5.531099796295166,51.41018295288086,38.072322845458984,136187.0,34623.301949858665,245423.2594288867
2025-07-14,31.64231300354004,30.521772384643555,5.571899890899658,50.82263946533203,37.861602783203125,135299.0,34927.78910657647,247724.7102783434
2025-07-15,31.751110076904297,30.28480339050293,5.586999893188477,49.49148178100586,37.995697021484375,135250.0,34883.88514364138,245958.11128999293
2025-07-16,31.905244827270508,30.133140563964844,5.5510029792785645,49.941322326660156,39.38450241088867,135511.0,34769.81844548741,245658.42256607115
2025-07-17,32.385772705078125,29.829816818237305,5.5665998458862305,49.84951400756836,40.31355667114258,135565.0,35054.88244443154,247627.34561073408
2025-07-18,31.796445846557617,29.374835968017578,5.546599864959717,50.08820724487305,40.58174514770508,133382.0,34925.77478034375,245948.39286592416
2025-07-21,32.16817855834961,29.43170738220215,5.578100204467773,51.456085205078125,40.198631286621094,134167.0,35173.26919402834,247238.52757279575
2025-07-22,31.732982635498047,29.716073989868164,5.565499782562256,52.78723907470703,39.5760612487793,134036.0,35116.18939025747,247678.3279699739
2025-07-23,32.08657455444336,30.322715759277344,5.563899993896484,52.71379852294922,36.40576171875,135368.0,35380.34017954767,250432.74704012275
2025-07-24,31.78738021850586,30.27532386779785,5.51639986038208,51.8967399597168,34.70088577270508,133808.0,35102.78359027323,246549.47974586673
2025-07-25,31.923383712768555,30.3132381439209,5.519999980926514,51.134769439697266,34.64341735839844,133524.0,35265.29343283386,247858.6078935638
2025-07-28,31.252456665039062,30.351152420043945,5.565199851989746,50.63903045654297,35.34733200073242,132129.0,35560.34716694383,249529.97444951907
2025-07-29,31.43378257751465,30.7492618560791,5.5868000984191895,50.32689666748047,35.202980041503906,132726.0,35592.72051119455,249355.58332243003
2025-07-30,31.796445846557617,31.06206512451172,5.573200225830078,49.42721939086914,35.46281814575195,133990.0,35461.71517267637,247791.62270319462
2025-07-31,31.878042221069336,30.938838958740234,5.575399875640869,49.07836151123047,35.71303176879883,133071.0,35344.63497990067,246047.86301737837
2025-08-01,31.6854190826416,30.53125,5.598800182342529,49.3445930480957,35.7803955078125,132437.0,34925.37021323573,244043.73915430158
2025-08-04,32.02104568481445,30.483856201171875,5.537899971008301,49.73935317993164,35.674537658691406,132971.0,35054.57421799796,244629.2031365186
2025-08-05,32.37482452392578,30.626039505004883,5.496099948883057,49.67509078979492,35.732276916503906,133151.0,34620.977514967555,242442.5225127209
2025-08-06,32.78303146362305,30.663951873779297,5.502999782562256,49.36295700073242,36.7234992980957,134538.0,34916.86412278586,243194.7357696537
2025-08-07,33.36357498168945,30.834571838378906,5.458899974822998,49.72098922729492,37.531883239746094,136528.0,34609.42584037781,240020.41120081395
2025-08-08,33.59034729003906,28.938812255859375,5.414299964904785,50.85017776489258,36.6657600402832,135913.0,34594.39996824134,239180.00028871
2025-08-11,33.798988342285156,29.118907928466797,5.432300090789795,50.79509735107422,35.81888961791992,135623.0,34622.49407464033,238885.8845506925
2025-08-12,34.497467041015625,29.19473648071289,5.442299842834473,51.32755661010742,35.23185348510742,137914.0,35079.757359409705,241957.0828142017
2025-08-13,34.1709098815918,28.97672462463379,5.401199817657471,51.39919662475586,35.24147415161133,136687.0,34927.29113883618,242634.15400094725
2025-08-14,34.125545501708984,28.607051849365234,5.391200065612793,50.76252365112305,35.116371154785156,136356.0,34873.19348301273,242125.59712487832
2025-08-15,34.00762939453125,28.597572326660156,5.40910005569458,50.66749954223633,34.61594772338867,136341.0,34887.61248275405,243118.06611145847
2025-08-18,34.25254821777344,28.777671813964844,5.400400161743164,50.553470611572266,35.03937911987305,137322.0,34827.9901757231,242541.80167980492
2025-08-19,33.25729751586914,28.474348068237305,5.435699939727783,50.59148025512695,34.25987243652344,134432.0,34850.284159568604,244183.97778345086
2025-08-20,33.275611877441406,28.64496612548828,5.497600078582764,50.36341857910156,34.712181091308594,134667.0,35161.43944947305,247052.84885637648
2025-08-21,33.312259674072266,28.711318969726562,5.469161033630371,50.79103469848633,34.558204650878906,134511.0,34839.485114322975,244939.11147165298
2025-08-22,34.246498107910156,29.537158966064453,5.464799880981445,52.06437301635742,36.088348388671875,137968.0,35340.3698521927,249368.31792835146
2025-08-25,34.072479248046875,29.71164894104004,5.421299934387207,52.187904357910156,36.309688568115234,138025.0,34909.48414053535,245489.84486326575
2025-08-26,33.84349822998047,29.498384475708008,5.4096999168396,52.65353012084961,36.17496109008789,137771.0,34978.794763315236,245698.13119254634
2025-08-27,34.4113655090332,29.721342086791992,5.43120002746582,52.625022888183594,36.31931686401367,139206.0,35201.77932762634,247473.88097336143
2025-08-28,35.125789642333984,29.983078002929688,5.417699813842773,52.64402770996094,36.396305084228516,141049.0,35225.12497093063,247247.0161692053
2025-08-29,35.25402069091797,30.147872924804688,5.413000106811523,52.79607009887695,36.24232482910156,141422.0,34969.38680135831,246534.43438424915
2025-09-01,35.53593444824219,30.215728759765625,5.432400226593018,52.834075927734375,36.386680603027344,141125.0,35094.716614631005,247418.01049046405
2025-09-02,34.93114471435547,30.370830535888672,5.438399791717529,52.634525299072266,36.261573791503906,140335.0,34890.27161219297,246336.71602192707
2025-09-03,34.62874984741211,30.10909652709961,5.4670000076293945,52.834075927734375,36.4251708984375,139864.0,35252.63618786819,247497.81731804833
2025-09-04,34.766204833984375,30.10909652709961,5.4481000900268555,52.938602447509766,35.84775924682617,140993.0,35423.983058994636,248549.34904854745
2025-09-05,35.15106964111328,29.653486251831055,5.443999767303467,53.42323684692383,36.4251708984375,142640.0,35285.28449177742,247162.26787287742
2025-09-08,34.98612594604492,29.769811630249023,5.412199974060059,53.556270599365234,36.03060531616211,141792.0,35153.050132981036,246336.00698106363
2025-09-09,34.68373107910156,30.002466201782227,5.420300006866455,53.39472579956055,35.587921142578125,141618.0,35300.2992866619,247769.175668953
2025-09-10,34.71122741699219,30.545320510864258,5.433599948883057,53.76532745361328,35.87663269042969,142349.0,35492.49242235208,247179.47077464312
2025-09-11,34.77537155151367,30.428993225097656,5.4019999504089355,54.18343734741211,35.443572998046875,143151.0,35585.51377390628,249075.4137134552
2025-09-12,34.253055572509766,30.22542381286621,5.388199806213379,54.164432525634766,35.559051513671875,142272.0,35477.47031252924,246963.92858669162
2025-09-15,34.82118606567383,30.487157821655273,5.35099983215332,54.639556884765625,35.13561248779297,143547.0,35398.36102001835,245522.32906814665
2025-09-16,34.72954559326172,30.564708709716797,5.315199851989746,54.82960891723633,35.385826110839844,144062.0,35116.24852838181,243212.37500236183
2025-09-17,35.22438049316406,30.748889923095703,5.29580020904541,54.92463302612305,35.328086853027344,145594.0,34954.13542694086,243703.83033085614
2025-09-18,35.27019500732422,30.448381423950195,5.310100078582764,54.820106506347656,35.34733200073242,145500.0,35216.37110973196,245020.87802443653
2025-09-19,35.73753356933594,30.10909652709961,5.304299831390381,55.03866195678711,34.98163604736328,145865.0,35349.762899127556,245670.07636540942
2025-09-22,35.22438049316406,30.40960693359375,5.320499897003174,55.11468505859375,35.71303176879883,145109.0,35614.096185564995,246772.97380487993
2025-09-23,35.78334426879883,30.92337989807129,5.3343000411987305,54.80109786987305,35.31846237182617,146425.0,35510.00821351446,246939.58492907882
2025-09-24,35.54509353637695,31.621335983276367,5.281599998474121,55.010154724121094,35.501312255859375,146492.0,35059.10347659001,243594.1589796245
2025-09-25,35.26103210449219,31.369298934936523,5.329899787902832,55.31423568725586,34.98163604736328,145306.0,35202.49687225325,244894.61278829724
2025-09-26,35.435142517089844,31.262664794921875,5.363699913024902,54.24995422363281,34.95276641845703,145447.0,35634.81415976118,248056.58032216877
2025-09-29,35.636741638183594,30.836135864257812,5.3422532081604,54.43050003051758,35.10744094848633,146337.0,35585.870284048375,247432.1752163358
2025-09-30,35.80167007446289,30.496850967407227,5.321700096130371,54.715579986572266,35.31980514526367,146237.0,35593.97801708523,246915.65899930894
2025-10-01,35.15778732299805,30.419300079345703,5.319499969482422,55.409263610839844,34.547576904296875,145517.0,35700.22923415527,247043.4383444488
2025-10-02,34.77274703979492,30.12848472595215,5.328800201416016,55.77986145019531,34.87577438354492,143950.0,35784.758952969685,247894.2866448164
2025-10-03,35.029441833496094,30.050933837890625,5.336599826812744,55.67533493041992,35.13640213012695,144201.0,35839.48395937169,249530.23562081158
2025-10-06,34.62606430053711,29.779504776000977,5.33459997177124,56.625587463378906,34.4413948059082,143608.0,35956.69635162479,249098.97897560894
2025-10-07,34.07600784301758,29.886138916015625,5.311200141906738,55.82737350463867,34.48965835571289,141356.0,35662.53053097054,247517.75647890195
2025-10-08,34.14017868041992,29.71164894104004,5.353799819946289,56.25498962402344,34.267642974853516,142145.0,36158.06607019808,249496.60806542635
2025-10-09,34.085174560546875,29.285118103027344,5.33519983291626,56.16946792602539,35.90863037109375,141708.0,35933.15701725078,247331.44464176148
2025-10-10,34.04850387573242,29.023386001586914,5.377200126647949,55.941402435302734,35.41633224487305,140680.0,35234.156341580674,244552.91928177327
2025-10-13,34.1860237121582,29.304506301879883,5.5229997634887695,56.77762985229492,36.52641296386719,141783.0,36754.018172665965,254431.2230888754
2025-10-14,34.33270263671875,29.100936889648438,5.464099884033203,56.77762985229492,36.03411865234375,141683.0,36305.173820642754,252826.4202427566
2025-10-15,34.33270263671875,28.839202880859375,5.481500148773193,57.8324089050293,36.12099075317383,142604.0,36567.41670365655,253537.51793789305
2025-10-16,34.25019454956055,28.54838752746582,5.4492998123168945,57.30026626586914,37.09592819213867,142200.0,36123.78894895082,250407.52344155684
2025-10-17,34.36937713623047,28.819814682006836,5.440814971923828,57.13872528076172,38.756221771240234,143399.0,36257.6441058591,251314.55904978514
2025-10-20,34.983604431152344,28.839202880859375,5.406099796295166,57.87042236328125,38.167396545410156,144509.0,36410.78428749414,252500.42248720676
2025-10-21,34.65357208251953,28.606550216674805,5.36870002746582,57.775394439697266,38.292884826660156,144085.0,36160.074254279025,251924.8436993733
2025-10-22,34.937767028808594,28.936141967773438,5.38670015335083,58.80167007446289,38.630733489990234,144873.0,36087.658481313614,250968.56953334995
2025-10-23,34.9102668762207,29.265731811523438,5.399400234222412,58.6876335144043,40.00143814086914,145721.0,36383.53419792256,252338.86080566794
2025-10-24,34.86442184448242,28.92644691467285,5.382900238037109,58.65913009643555,39.93387222290039,146172.0,36558.989402269945,254111.22337259352
2025-10-27,35.15778732299805,29.0815486907959,5.388299942016602,58.592613220214844,40.223453521728516,146969.0,37045.425071276724,256184.51069828123
2025-10-28,35.2769660949707,29.071855545043945,5.373300075531006,59.10574722290039,40.85089111328125,147429.0,37026.82049210672,256340.64740135707
2025-10-29,36.06538009643555,29.100936889648438,5.357399940490723,60.179534912109375,40.59026336669922,148633.0,36915.64561885223,255183.6739654541
2025-10-30,36.0195426940918,28.974916458129883,5.357800006866455,60.635658264160156,40.0110969543457,148780.0,36552.73246168904,254614.02072240226
2025-10-31,36.15705871582031,28.839202880859375,5.381999969482422,62.013526916503906,40.638526916503906,149540.0,36813.95724242553,255983.37077505887
2025-11-03,36.76023483276367,29.17848777770996,5.374599933624268,62.09904479980469,41.31422805786133,150454.0,36826.59866189468,254415.71550643072
2025-11-04,36.650169372558594,29.323894500732422,5.354899883270264,61.405364990234375,41.26596450805664,150704.0,36260.97125867987,252136.73697601818
2025-11-05,36.806095123291016,29.905527114868164,5.395899772644043,62.46014404296875,41.99958038330078,153294.0,36672.09987660032,255285.41414356232
2025-11-06,36.806095123291016,30.06062889099121,5.35860013961792,62.24158477783203,42.38569641113281,153339.0,36011.50674833567,251384.2615162041
2025-11-07,36.8427848815918,31.194808959960938,5.3495001792907715,61.55739974975586,43.43785858154297,154064.0,35995.71576158749,251357.50823294744
2025-11-10,37.09041976928711,31.369298934936523,5.330900192260742,61.96601104736328,43.795013427734375,155257.0,36423.00333768036,252517.43294345587
2025-11-11,37.80581283569336,32.1835823059082,5.289700031280518,61.80447006225586,44.43210220336914,157749.0,36216.51240796433,253524.53647030517
2025-11-12,36.94367218017578,31.359601974487305,5.270699977874756,62.488651275634766,43.3316764831543,157633.0,36109.14348064829,254336.68035344407
2025-11-13,37.09041976928711,31.495319366455078,5.291299819946289,62.40312576293945,43.26410675048828,157162.0,35650.08086403832,251110.37302702665
2025-11-14,37.23716735839844,31.698888778686523,5.296500205993652,62.02302169799805,42.89729690551758,157739.0,35667.21427805303,249716.64001481608
2025-11-17,36.962013244628906,31.87337875366211,5.295599937438965,61.97551345825195,42.4436149597168,156993.0,35334.41480600461,246723.26292745396
2025-11-18,36.77857971191406,31.980010986328125,5.329500198364258,61.785457611083984,41.932010650634766,156522.0,35267.007315813564,245645.92831287533
2025-11-19,36.54928207397461,31.815214157104492,5.321499824523926,61.71894073486328,42.13472366333008,155381.0,35346.25410594419,245527.45396429673
2025-11-20,36.54928207397461,31.815214157104492,5.32859992980957,61.71894073486328,42.13472366333008,155381.0,34842.43482815102,243795.49858316034
2025-11-21,36.65934371948242,31.57286834716797,5.332300186157227,61.91850280761719,41.71965026855469,154770.0,35209.12605595216,246594.40918508917
2025-11-24,36.52177047729492,31.543787002563477,5.402100086212158,61.85197830200195,41.69068908691406,155278.0,36221.72996312147,250918.2008391712
2025-11-25,36.60431671142578,31.291746139526367,5.3867998123168945,62.33660888671875,41.46867370605469,155910.0,36446.44048289303,253785.33260935172
2025-11-26,37.46645736694336,31.243276596069336,5.37939977645874,63.267860412597656,42.85868835449219,158555.0,36647.751975635765,255129.44460980035
2025-11-27,37.338050842285156,31.4080753326416,5.3308000564575195,63.030296325683594,42.520835876464844,158292.0,36316.66104380274,252824.49980418012
2025-11-28,38.19102478027344,30.816749572753906,5.355400085449219,64.04706573486328,42.71389389038086,159072.0,36679.616334468126,255540.52978670597
2025-12-01,37.89524841308594,30.87491226196289,5.335400104522705,64.54119110107422,43.611610412597656,158611.0,36348.10618883232,252307.4862209335
2025-12-02,38.739402770996094,31.08817481994629,5.355800151824951,65.0733413696289,44.02668380737305,161092.0,36576.7415105016,254263.7250968702
2025-12-03,38.739402770996094,31.320829391479492,5.326300144195557,67.17340087890625,43.486122131347656,161755.0,36483.665768021485,255038.68885215744
2025-12-04,39.69366455078125,31.524398803710938,5.306099891662598,68.34220886230469,44.36662292480469,164456.0,36384.56431092601,253901.87501165643
2025-12-05,37.858543395996094,30.40960693359375,5.309299945831299,66.7267837524414,45.5367317199707,157369.0,36477.01382935303,254607.4166839812
2025-12-08,38.042057037353516,30.69072723388672,5.4380998611450195,66.2706527709961,46.580078125,158187.0,37232.00380577333,259611.19116256386
2025-12-09,37.95947265625,30.884605407714844,5.429999828338623,66.30867004394531,46.47282028198242,157981.0,37143.966853092425,258252.3614451103
2025-12-10,38.25822448730469,30.962156295776367,5.43149995803833,67.52498626708984,47.26264190673828,159075.0,37405.00308577926,261025.66710841656
2025-12-11,38.22911834716797,30.448381423950195,5.469799995422363,68.41822814941406,47.34064865112305,159189.0,37747.08976840973,266401.2030762695
2025-12-12,38.56863021850586,30.62287139892578,5.4054999351501465,68.61000061035156,48.2864875793457,160766.0,36905.56515685283,261939.99035554938
2025-12-15,39.15065383911133,30.729503631591797,5.4182000160217285,69.02999877929688,48.442501068115234,162482.0,36933.213321321644,262330.5985483732
2025-12-16,38.141815185546875,29.798892974853516,5.413400173187256,69.29000091552734,48.69602584838867,158578.0,36812.5273929527,260461.7527210582
2025-12-17,37.802303314208984,30.12848472595215,5.507500171661377,70.16999816894531,48.559513092041016,157327.0,37018.27784692519,263731.98111079633
2025-12-18,37.996307373046875,29.953994750976562,5.518499851226807,70.3499984741211,48.75453186035156,157923.0,37386.51075869892,264622.28571370617
2025-12-19,38.345523834228516,30.06062889099121,5.521299839019775,70.8499984741211,48.48150634765625,158473.0,37735.323749780655,265767.163859047
2025-12-22,38.42313003540039,30.147872924804688,5.53980016708374,72.91999816894531,47.65999984741211,158142.0,38105.4613496745,267919.5810134299
2025-12-23,39.05364990234375,30.309999465942383,5.590000152587891,72.9000015258789,48.279998779296875,160456.0,38625.72737270966,270793.0801651627
2025-12-24,39.05364990234375,30.309999465942383,5.518499851226807,72.9000015258789,48.279998779296875,160456.0,38254.51581586478,268922.9000723753
2025-12-26,39.06625747680664,30.40999984741211,5.519499778747559,73.12000274658203,48.75,160897.0,38249.801973325666,268860.18123820424
2025-12-29,38.94636535644531,30.729999542236328,5.542500019073486,72.12000274658203,48.709999084472656,160490.0,38275.06538073998,268600.2462173067
2025-12-30,39.19615173339844,30.81999969482422,5.5690999031066895,71.95999908447266,48.5099983215332,161125.0,38405.850821058266,269360.9813280087
2025-12-31,39.19615173339844,30.81999969482422,5.476200103759766,71.95999908447266,48.5099983215332,161125.0,37487.327810287476,263204.1885510981
2026-01-02,39.13435745239258,30.709999084472656,5.517000198364258,72.37999725341797,48.25,160539.0,37838.18153576832,266925.658675462
2026-01-05,39.70412826538086,30.200000762939453,5.421599864959717,73.12000274658203,48.08000183105469,161870.0,37420.15228903899,265534.6707798578
2026-01-06,39.94403076171875,29.639999389648438,5.40749979019165,75.87000274658203,48.16999816894531,163664.0,37554.111742381705,267466.1770833805
2026-01-07,39.30428695678711,29.829999923706055,5.372000217437744,76.31999969482422,47.70000076293945,161975.0,37179.23840916832,263206.9423410967
2026-01-08,39.91404342651367,30.200000762939453,5.383900165557861,75.58000183105469,45.709999084472656,162937.0,37264.449429593515,265243.8144204542
2026-01-09,39.834075927734375,30.299999237060547,5.386600017547607,74.72000122070312,46.099998474121094,163370.0,37524.5628129642,266658.6260139905
2026-01-12,39.474220275878906,30.360000610351562,5.370299816131592,74.73999786376953,46.75,163150.0,37470.03190298914,266314.23774638213
2026-01-13,39.15434646606445,31.139999389648438,5.373700141906738,75.3499984741211,46.400001525878906,161973.0,37421.0518856626,264342.99440762773
2026-01-14,39.58417510986328,31.989999771118164,5.371300220489502,78.91999816894531,47.0099983215332,165146.0,37204.84863178362,263997.4125811178
2026-01-15,39.92403793334961,31.790000915527344,5.396100044250488,78.8499984741211,46.439998626708984,165568.0,37473.05603361456,266796.3602601178
2026-01-16,39.594173431396484,32.040000915527344,5.3678998947143555,78.87999725341797,46.31999969482422,164800.0,37253.277690215036,264955.9322453588
2026-01-19,39.53419494628906,32.16999816894531,5.367700099945068,78.56999969482422,46.220001220703125,164849.0,37251.89111256506,264946.0705097839
2026-01-20,39.90404510498047,32.290000915527344,5.36870002746582,80.08000183105469,46.43000030517578,166277.0,36490.30173467938,260320.69362591952
2026-01-21,41.65334701538086,33.43000030517578,5.374300003051758,82.5,47.59000015258789,171817.0,36951.64521678351,263755.75985797495
2026-01-22,43.06278610229492,33.58000183105469,5.31879997253418,82.9800033569336,49.22999954223633,175589.0,36770.72630953323,262663.6801733151
2026-01-23,43.552589416503906,35.040000915527344,5.283699989318848,85.0199966430664,49.869998931884766,178859.0,36540.00776075246,259422.85845603794
2026-01-26,44.13235855102539,35.36000061035156,5.288899898529053,83.06999969482422,51.61000061035156,178721.0,36759.07063845475,261337.22908217087
2026-01-27,45.3018913269043,36.130001068115234,5.279099941253662,84.9000015258789,52.70000076293945,181919.0,36840.72736556991,258693.89967708848
2026-01-28,46.32148361206055,37.34000015258789,5.183599948883057,86.97000122070312,51.56999969482422,184691.0,36171.314837640384,254077.26975384727
2026-01-29,46.131561279296875,37.70000076293945,5.1971001625061035,87.41000366210938,52.06999969482422,183134.0,36218.64178543631,255029.8051420059
2026-01-30,45.48181915283203,37.7599983215332,5.189199924468994,84.31999969482422,51.720001220703125,181364.0,36008.01283702091,253712.79514460266
2026-02-02,45.880001068115234,37.2400016784668,5.255000114440918,84.81999969482422,51.95000076293945,182793.0,36661.192690480035,259637.25977535173
2026-02-03,46.13999938964844,37.58000183105469,5.259399890899658,88.98999786376953,54.0,185674.0,36383.52946743253,258978.0483941976
2026-02-04,44.619998931884766,37.52000045776367,5.237500190734863,89.43000030517578,51.400001525878906,181708.0,36048.24843801884,259263.0722834207
2026-02-05,45.52000045776367,37.0,5.23799991607666,86.44999694824219,52.209999084472656,182127.0,35610.01811793214,256183.86470791698
2026-02-06,46.75,36.650001525878906,5.270500183105469,85.62999725341797,51.849998474121094,182950.0,36536.687389947474,264134.6577936411
2026-02-09,48.310001373291016,37.31999969482422,5.21589994430542,87.30999755859375,53.75,186241.0,36327.80333323986,261503.68724559434
2026-02-10,48.41999816894531,37.349998474121094,5.1915998458862305,87.05000305175781,52.400001525878906,185929.0,36039.1000303668,260556.74313406646
2026-02-11,49.369998931884766,38.08000183105469,5.196199893951416,90.08999633789062,53.59000015258789,189699.0,36069.26679423801,260440.80524563417
2026-02-12,48.2400016784668,37.11000061035156,5.198699951171875,89.2300033569336,54.029998779296875,187766.0,35521.46785992384,257086.00844824314
2026-02-13,47.77000045776367,36.88999938964844,5.213900089263916,87.02999877929688,53.79999923706055,186464.0,35643.10696588736,258092.90171630308
2026-02-16,47.77000045776367,36.88999938964844,5.217899799346924,87.02999877929688,53.79999923706055,186464.0,35670.44966365304,258290.89108389243
2026-02-17,47.77000045776367,36.88999938964844,5.243899822235107,87.02999877929688,53.79999923706055,186464.0,35885.161268134834,259747.09360997193
2026-02-18,47.9900016784668,37.189998626708984,5.2204999923706055,83.91999816894531,53.38999938964844,186016.0,35923.87910838844,259263.9169668071
2026-02-19,48.54999923706055,37.810001373291016,5.234399795532227,83.45999908447266,51.369998931884766,188534.0,35917.87632860523,258554.01622215658
2026-02-20,49.22999954223633,37.970001220703125,5.208799839019775,86.80999755859375,51.9900016784668,190534.0,35990.253354893066,258491.7380362004
2026-02-23,47.45000076293945,38.59000015258789,5.176499843597412,87.38999938964844,51.970001220703125,188854.0,35395.611805558205,252634.2016774658
2026-02-24,48.16999816894531,39.56999969482422,5.170899868011475,87.7300033569336,51.40999984741211,191490.0,35627.86114464258,254276.41555953026
2026-02-25,47.790000915527344,39.56999969482422,5.1519999504089355,89.97000122070312,50.279998779296875,191248.0,35786.460811784025,254932.0262961276
2026-02-26,47.66999816894531,39.61000061035156,5.124199867248535,89.20999908447266,49.380001068115234,191005.0,35402.378794264514,253643.79006562755
2026-02-27,46.779998779296875,39.33000183105469,5.136600017547607,88.47000122070312,49.70000076293945,188786.984375,35334.05452676257,251579.99436257035
